wrist,acceleration_x,acceleration_y,acceleration_z,gyro_x,gyro_y,gyro_z
1,-0.1704,-1.0265,-0.3547,1.4697,0.0818,-1.0755
1,-0.6236,-0.6115,-0.3416,0.5631,-0.2585,-0.4154
1,-0.1994,-1.2304,-0.3241,-1.92,-0.721,0.7849
1,-0.5462,-0.9212,-0.1228,-1.1599,1.0779,1.4537
1,-0.3319,-0.715,-0.057,-0.3672,-0.0742,1.2378
1,-0.4631,-0.7085,-0.4045,2.0488,1.4704,-1.8064
1,-0.2048,-0.8634,-0.3096,0.6433,-3.1389,-0.7694
1,-0.5708,-0.8567,-0.4905,0.32,2.4132,-0.1478
1,-0.5732,-1.2453,-0.2398,-1.9251,-1.4536,1.5202
1,-0.3217,-0.7924,-0.0757,-0.8568,0.7586,2.0485
1,-0.3922,-0.6198,-0.1879,0.5057,-0.2748,-0.1116
1,-0.5144,-1.2562,-0.2372,2.0668,2.3832,-2.0738
1,-0.5142,-0.7746,-0.3106,0.478,-2.004,-0.7032
1,-0.432,-0.9534,-0.4596,-0.3564,0.9104,0.1526
1,-0.5805,-1.2003,-0.2199,-1.4903,0.0388,1.4628
1,-0.3221,-0.6871,-0.0695,-0.6878,0.508,1.6808
1,-0.493,-1.0528,-0.1925,0.9465,-0.3585,-1.6992
1,-0.2821,-0.9394,-0.2517,1.2813,-0.4857,-1.6026
1,-0.5846,-0.7629,-0.3507,0.882,0.1332,-0.6546
1,-0.4586,-1.3262,-0.4345,-1.5929,-0.2727,0.5691
1,-0.519,-1.115,-0.1779,-1.4299,0.4825,1.9268
1,-0.2738,-0.6555,-0.0741,-0.6366,0.2178,1.4993
1,-0.468,-0.9086,-0.3024,1.4537,-1.037,-1.4511
1,-0.509,-0.8896,-0.4815,0.3589,1.1463,0.0478
1,-0.4702,-1.2398,-0.2562,-1.5607,1.1456,1.1637
1,-0.3077,-0.8111,-0.0535,-2.0483,-0.9504,1.5955
1,-0.5015,-0.8644,-0.1043,0.3777,-0.6306,-1.0153
1,-0.3399,-1.1097,-0.2528,2.5229,2.5482,-0.9087
1,-0.4099,-0.7304,-0.4176,0.893,-0.9846,-0.4704
1,-0.5078,-1.367,-0.5326,-1.5036,0.365,-0.1474
1,-0.5883,-1.047,-0.1899,-1.7743,-0.6176,1.5181
1,-0.288,-0.6797,-0.069,-0.7518,-0.1328,1.2229
1,-0.5577,-0.9088,-0.3012,1.5057,-0.5563,-2.3279
1,-0.2149,-0.8605,-0.3385,1.094,-1.4269,-0.4838
1,-0.51,-0.8468,-0.4314,0.3971,1.1605,-0.3403
1,-0.41,-1.274,-0.2682,-1.6521,-0.9747,1.7951
1,-0.3954,-0.8035,-0.1315,-1.1144,1.0868,1.4574
1,-0.2788,-0.6307,-0.0808,-0.3648,-1.1757,-0.0448
1,-0.525,-1.143,-0.3412,1.7974,1.794,-2.0539
1,-0.5587,-0.697,-0.3798,0.5785,-2.1547,-1.2283
1,-0.4099,-1.0654,-0.443,-0.3126,0.4672,0.292
1,-0.6205,-1.1562,-0.2602,-0.8611,0.6666,1.8743
1,-0.275,-0.6474,-0.0606,-0.8971,0.1902,1.2932
1,-0.5859,-1.1661,-0.2054,0.8398,-0.6373,-2.0282
1,-0.3698,-1.112,-0.2163,1.6394,0.7417,-0.6087
1,-0.51,-0.6854,-0.4202,0.4557,0.3024,-0.1822
1,-0.5348,-1.4317,-0.4507,-1.7335,-0.7064,0.4914
1,-0.3815,-0.918,-0.107,-1.3239,-0.0175,1.654
1,-0.2897,-0.5432,-0.0484,-0.0624,0.3688,0.6766
1,-0.5688,-1.1758,-0.3617,1.8728,0.718,-2.3502
1,-0.1451,-0.8583,-0.3902,0.518,-2.0037,-0.0778
1,-0.4799,-0.7464,-0.3715,0.4943,1.6797,-0.1117
1,-0.366,-1.0516,-0.3113,-1.5812,-0.7486,0.9302
1,-0.3233,-0.8945,-0.144,-1.1448,0.261,1.2839
1,-0.2917,-0.5549,-0.0923,-0.0259,-0.2796,0.2738
1,-0.5371,-0.9379,-0.496,1.7806,2.5331,-1.2019
1,-0.2594,-0.7431,-0.3414,0.2215,-2.6496,-0.5448
1,-0.4169,-0.9721,-0.4585,-0.0902,0.9418,0.062
1,-0.4861,-1.2115,-0.2153,-1.3197,-0.492,1.122
1,-0.3403,-0.6485,-0.0867,-0.5972,0.4552,1.4368
1,-0.3834,-0.8505,-0.1946,0.4958,-0.2586,-0.832
1,-0.3472,-1.061,-0.2584,1.2472,0.8032,-0.8999
1,-0.5148,-0.7793,-0.3679,0.6215,-0.0606,-0.5151
1,-0.4574,-1.4282,-0.4333,-1.0962,0.326,0.0484
1,-0.5259,-0.9243,-0.1988,-1.1997,0.2716,1.571
1,-0.2851,-0.6337,-0.0621,-0.6228,-0.2469,0.8075
1,-0.588,-1.0879,-0.3015,1.8211,0.5267,-2.3389
1,-0.1246,-0.8297,-0.2803,0.8967,-1.679,-0.1764
1,-0.5139,-0.7402,-0.4184,0.3672,1.7693,-0.145
1,-0.424,-1.2997,-0.2294,-1.8208,-1.384,1.1199
1,-0.6661,-1.2398,-0.2803,-1.8206,0.5218,1.4492
1,-0.5185,-0.6985,-0.315,1.3269,-0.4497,-2.1884
1,-0.0516,-0.8505,-0.2991,1.2258,-1.0916,-0.4672
1,-0.6704,-0.9112,-0.4445,1.2048,1.7322,-0.7915
1,-0.3773,-1.2292,-0.3395,-1.4809,-0.4003,1.2234
1,-0.3267,-0.8638,-0.1364,-1.8626,0.3074,1.3187
1,-0.3278,-0.6837,-0.0433,-0.8787,-0.9633,0.2305
1,-0.6577,-1.2505,-0.2392,2.0516,3.1932,-1.691
1,-0.5018,-0.7724,-0.3524,0.968,-2.7367,-0.7829
1,-0.4532,-1.0161,-0.5817,-0.1513,0.7606,-0.1866
1,-0.6787,-1.179,-0.2934,-1.77,-0.7644,1.3849
1,-0.2883,-0.7553,-0.0954,-1.4357,0.4707,1.52
1,-0.4101,-0.6019,-0.1108,0.1912,-1.141,-1.1558
1,-0.4324,-1.0928,-0.2767,2.1891,1.4273,-0.8741
1,-0.5634,-0.7684,-0.4534,1.1512,-0.0708,-0.7852
1,-0.5012,-1.3637,-0.476,-1.9368,-0.7648,0.2233
1,-0.3674,-0.8684,-0.1116,-1.7834,0.1247,2.1473
1,-0.2942,-0.53,-0.035,-0.7497,-0.1661,0.5881
1,-0.6549,-1.0372,-0.319,2.2011,1.3566,-2.2041
1,-0.2517,-0.8101,-0.3488,1.2833,-2.3336,-0.6722
1,-0.4227,-0.9998,-0.5356,0.2185,2.1602,-0.1758
1,-0.5992,-1.2829,-0.2337,-2.3417,-1.519,1.1497
1,-0.3529,-0.7677,-0.1008,-1.096,0.6018,1.7445
1,-0.3009,-0.6585,-0.0685,0.1953,-0.8688,-0.2048
1,-0.493,-1.2944,-0.2314,2.381,3.2141,-1.3123
1,-0.5619,-0.7112,-0.3453,0.6948,-2.3159,-0.8049
1,-0.3436,-1.114,-0.4806,-0.6569,0.3985,-0.3933
1,-0.6581,-1.1868,-0.201,-1.7562,-0.4914,1.8127
1,-0.2785,-0.6319,-0.0555,-1.0029,0.2079,1.2788
1,-0.5966,-0.9557,-0.2678,1.4391,-0.9218,-2.5012
1,0.0318,-0.8875,-0.3206,1.4433,-1.3149,-0.2027
1,-0.5702,-0.7108,-0.4409,0.7988,1.6936,-0.5774
1,-0.3425,-1.2184,-0.2345,-2.1843,-2.2477,1.4947
1,-0.4247,-0.9472,-0.1337,-1.1636,1.5567,1.9083
1,-0.2691,-0.5763,-0.0527,-0.5846,-0.4452,0.6397
1,-0.6591,-1.0755,-0.3785,2.5239,3.3915,-2.0373
1,-0.1192,-0.8277,-0.3037,0.3508,-4.4136,-0.6961
1,-0.6662,-0.8632,-0.471,0.3995,2.7147,-0.1848
1,-0.3532,-1.225,-0.2501,-2.0647,-2.1655,1.7317
1,-0.2945,-0.7128,-0.0679,-0.7375,1.1546,1.8627
1,-0.4485,-0.8947,-0.1085,0.3427,-1.0256,-0.9186
1,-0.4518,-1.2398,-0.3037,1.7124,1.5733,-1.1091
1,-0.5298,-0.7072,-0.3334,0.8066,-0.5037,-1.0695
1,-0.6294,-1.4162,-0.4548,-0.4587,0.3431,0.1903
1,-0.506,-1.0483,-0.1898,-1.4744,0.0042,1.8652
1,-0.2721,-0.6412,-0.0902,-0.8401,0.4848,1.4872
1,-0.586,-1.0111,-0.2709,1.3112,-0.3995,-2.6386
1,-0.2042,-1.0159,-0.2245,1.0823,-0.9542,-0.4827
1,-0.5968,-0.7999,-0.3629,0.8693,0.9318,-0.6316
1,-0.4704,-1.3967,-0.3385,-1.6529,-0.4166,0.841
1,-0.3266,-0.7592,-0.2178,-0.1387,-0.2581,-0.168
1,-0.4495,-1.1764,-0.276,1.508,1.0159,-1.4479
1,-0.4008,-0.7167,-0.2959,0.8937,-0.9501,-0.6028
1,-0.4783,-1.0767,-0.4414,-0.0659,0.6119,-0.3068
1,-0.5395,-1.1284,-0.1494,-1.5871,-0.9357,1.4242
1,-0.2978,-0.6966,-0.0503,-0.8133,0.6448,1.5634
1,-0.4073,-0.7489,-0.1428,0.4798,-0.3892,-1.0688
1,-0.4101,-1.0637,-0.247,1.636,1.0706,-0.9759
1,-0.4648,-0.7813,-0.3971,0.5467,-0.3656,-0.621
1,-0.4916,-1.3373,-0.345,-1.5208,0.2343,0.5124
1,-0.4366,-0.9716,-0.1485,-1.4184,0.1297,2.2038
1,-0.2879,-0.5796,-0.0504,-0.527,-0.1588,0.5724
1,-0.5618,-0.9203,-0.3561,2.1888,1.5502,-2.0333
1,-0.2475,-0.7973,-0.331,0.7382,-2.4216,-0.5804
1,-0.565,-0.8792,-0.4158,0.3566,1.4825,-0.4794
1,-0.5039,-1.2887,-0.2451,-1.5668,-0.3036,1.2724
1,-0.3264,-0.7571,-0.0791,-1.2619,0.2199,1.8889
1,-0.3858,-0.6629,-0.1343,0.3484,-0.4855,-0.4652
1,-0.5051,-1.2195,-0.2435,2.178,2.0017,-1.7777
1,-0.5173,-0.6548,-0.3655,0.8589,-0.9365,-0.5652
1,-0.278,-1.1633,-0.4135,-1.2384,-0.4797,0.0107
1,-0.5302,-1.1373,-0.2162,-1.4831,0.8289,1.6351
1,-0.2559,-0.5995,-0.0831,-1.0799,-0.4163,1.0759
1,-0.5728,-1.0572,-0.1496,1.4279,-0.5887,-2.7909
1,-0.2827,-1.0211,-0.2109,0.886,-0.8806,-0.6337
1,-0.6875,-0.6787,-0.3257,0.7324,1.0812,-0.5384
1,-0.7122,-1.5715,-0.4483,-1.5702,0.0425,0.908
1,-0.4984,-0.9285,-0.1544,-1.4054,0.563,1.8672
1,-0.3195,-0.6407,-0.0728,-0.5406,-0.4556,0.6824
1,-0.5476,-1.0792,-0.3447,1.908,1.5429,-1.982
1,-0.2417,-0.8176,-0.2498,0.2272,-4.1113,-1.0802
1,-0.616,-0.7829,-0.3597,0.7799,1.8109,-0.4513
1,-0.3325,-1.2948,-0.2336,-1.6605,-0.4797,1.8361
1,-0.382,-0.7924,-0.0611,-1.1104,1.0844,1.7666
1,-0.3964,-0.8489,-0.073,0.0363,-0.6395,-0.208
1,-0.3845,-1.169,-0.1332,1.9356,1.9243,-1.3302
1,-0.5892,-0.805,-0.3081,0.8483,-1.0412,-1.0858
1,-0.3908,-1.0939,-0.4599,-0.9522,0.0968,0.071
1,-0.626,-1.1899,-0.2253,-1.4542,1.0095,1.3767
1,-0.2962,-0.7166,-0.0553,-1.2876,-0.3224,1.483
1,-0.5377,-1.0536,-0.1383,1.0767,-0.2129,-1.8068
1,-0.3693,-1.0178,-0.239,1.623,-0.3927,-1.0955
1,-0.5098,-0.8653,-0.4273,0.6736,0.4773,-0.3661
1,-0.3774,-1.2441,-0.2476,-1.5991,-0.4798,1.3177
1,-0.3328,-0.787,-0.0967,-1.434,0.4557,1.6454
1,-0.349,-0.6979,-0.0675,-0.452,-0.3568,0.4141
1,-0.5371,-1.0209,-0.3468,2.1539,1.9572,-1.8012
1,-0.2307,-0.8264,-0.3458,0.7888,-2.4971,-0.7075
1,-0.425,-0.8925,-0.4671,-0.132,0.5764,0.0433
1,-0.3131,-0.6883,-0.0627,-1.1148,0.4412,1.5897
1,-0.515,-0.9667,-0.1307,0.6768,-0.4254,-1.6044
1,-0.2457,-0.9652,-0.2269,1.743,0.7038,-0.9704
1,-0.6305,-0.7461,-0.3644,0.8977,0.3027,-0.7607
1,-0.5061,-1.3073,-0.4032,-1.6,-0.5941,0.6567
1,-0.5938,-1.1123,-0.1919,-1.3236,1.0214,1.6953
1,-0.2802,-0.6312,-0.0432,-0.9015,-0.0576,1.094
1,-0.56,-0.7966,-0.3304,1.8536,0.6058,-2.1273
1,-0.164,-0.8454,-0.3058,0.8813,-3.0952,-0.5304
1,-0.5283,-0.9236,-0.4635,0.7812,1.908,-0.5529
1,-0.4719,-1.2199,-0.2546,-1.6415,-0.6133,1.3475
1,-0.3245,-0.8238,-0.0785,-1.5224,0.2494,1.6371
1,-0.3407,-0.6444,-0.071,-0.1095,-0.632,0.0672
1,-0.524,-1.2156,-0.3054,2.1771,2.0998,-1.9114
1,-0.4347,-0.7663,-0.3062,0.7125,-2.1436,-0.8592
1,-0.4986,-1.0958,-0.447,-0.3376,1.1597,0.2253
1,-0.6059,-1.0968,-0.2097,-1.7062,-1.1602,1.6156
1,-0.2834,-0.7594,-0.0807,-0.9479,1.2259,1.4343
1,-0.416,-0.7093,-0.1456,-0.0582,-1.2452,-0.3777
1,-0.5165,-1.1725,-0.2885,2.3541,1.843,-1.8344
1,-0.4813,-0.7933,-0.4099,0.9283,-1.0221,-0.7437
1,-0.5835,-1.439,-0.4651,-1.5912,0.094,0.3259
1,-0.47,-1.0544,-0.1822,-1.8882,-0.0913,2.0141
1,-0.2713,-0.5843,-0.0342,-0.815,0.2895,1.244
1,-0.6236,-1.0457,-0.235,2.1596,0.1148,-2.3276
1,-0.1184,-0.9285,-0.3031,1.0823,-2.3196,-0.6186
1,-0.7081,-0.7371,-0.3863,0.4797,1.3418,-0.5444
1,-0.337,-1.3617,-0.246,-1.9574,-1.8149,1.5485
1,-0.3371,-0.6853,-0.0697,-0.8158,1.7353,1.7841
1,-0.3625,-0.7445,-0.0809,-0.0557,-1.0265,-0.6002
1,-0.5247,-1.2044,-0.1888,1.914,2.1319,-1.0744
1,-0.5775,-0.7804,-0.2912,0.5681,-1.5579,-1.1769
1,-0.4823,-1.3134,-0.4592,-1.1495,-0.0218,0.0765
1,-0.5179,-0.9816,-0.2013,-1.1967,0.6259,2.2304
1,-0.262,-0.6139,-0.0444,-0.7787,0.1719,0.9101
1,-0.475,-0.9573,-0.3141,1.3073,0.5815,-1.5603
1,-0.2085,-0.8133,-0.2741,1.08,-2.2169,-1.0984
1,-0.5437,-0.9667,-0.4061,0.8668,0.2524,-1.0555
1,-0.469,-1.294,-0.3094,-1.2589,0.3851,1.1161
1,-0.3114,-0.8143,-0.0306,-1.6478,-0.0453,2.082
1,-0.3291,-0.6942,-0.0411,-0.2258,-0.1157,0.3868
1,-0.3389,-1.2023,-0.293,1.7134,0.3864,-1.7479
1,-0.4771,-0.7864,-0.3658,1.3992,0.0122,-1.1449
1,-0.6375,-1.4934,-0.4704,-0.8367,0.2353,0.155
1,-0.4885,-1.0211,-0.1538,-1.9191,-0.9721,2.1573
1,-0.2581,-0.5597,-0.0439,-0.8112,-0.0526,1.1972
1,-0.6167,-1.2424,-0.1942,1.4824,0.3279,-2.4563
1,-0.2709,-0.9334,-0.2652,1.3013,-0.7689,-1.1985
1,-0.6228,-0.5922,-0.3602,0.7819,1.45,-0.3975
1,-0.2612,-0.7615,-0.0413,-1.4991,0.632,1.8269
1,-0.347,-0.5679,-0.0611,-0.2311,-0.4428,0.3868
1,-0.5279,-1.1194,-0.3124,2.3963,2.8043,-1.7222
1,-0.3625,-0.7999,-0.2719,0.2015,-3.7146,-0.9294
1,-0.5399,-0.8877,-0.4432,0.5102,1.8,-0.3949
1,-0.3863,-1.1647,-0.2085,-1.7437,-1.492,1.6517
1,-0.2721,-0.7244,-0.024,-1.1917,0.3693,1.3858
1,-0.591,-1.1655,-0.116,0.6764,-0.0645,-1.3441
1,-0.3049,-1.0102,-0.2256,1.797,0.6299,-1.0604
1,-0.5434,-0.721,-0.3696,0.703,0.0976,-0.7013
1,-0.382,-1.2825,-0.3224,-1.6587,-0.7277,1.4473
1,-0.4431,-0.8355,-0.1156,-1.1317,0.986,1.7372
1,-0.3139,-0.5952,-0.0473,-0.3989,-0.4034,0.0634
1,-0.5902,-0.9951,-0.3913,1.9051,2.2312,-1.6714
1,-0.2402,-0.7407,-0.3358,0.1652,-2.8606,-0.3911
1,-0.4509,-1.0209,-0.375,-0.0878,0.7102,-0.2538
1,-0.5149,-1.123,-0.1933,-0.8122,0.4865,1.3708
1,-0.3309,-0.6581,-0.0819,-0.8939,0.5488,1.561
1,-0.4268,-0.7936,-0.1717,-0.1534,-0.7732,-0.4008
1,-0.4859,-1.1228,-0.2765,1.4472,1.2652,-1.6209
1,-0.4968,-0.7196,-0.2604,0.8825,-0.3248,-0.6507
1,-0.407,-1.115,-0.4158,-0.5223,-0.3181,0.4046
1,-0.4883,-1.2162,-0.1934,-1.5056,-0.0057,1.5811
1,-0.2851,-0.6068,-0.0679,-0.8076,0.449,1.2742
1,-0.5866,-1.228,-0.1714,0.8682,-0.6059,-2.2548
1,-0.4116,-1.0891,-0.1839,1.165,-0.1453,-0.9217
1,-0.5642,-0.6761,-0.3117,0.6945,0.7124,-0.2283
1,-0.5948,-1.4611,-0.4637,-1.7942,-1.1659,0.8092
1,-0.4748,-0.8555,-0.1375,-0.9417,0.7502,1.5205
1,-0.2641,-0.5921,-0.0748,-0.3643,-0.1291,0.5028
1,-0.513,-0.9996,-0.4078,1.5281,1.1941,-1.6905
1,-0.371,-0.7505,-0.2775,0.4349,-2.4252,-0.6565
1,-0.4033,-0.8957,-0.396,0.2725,0.6423,0.0267
1,-0.4796,-1.1824,-0.2722,-1.2032,-0.3523,1.0533
1,-0.285,-0.7167,-0.0612,-1.085,0.433,1.9153
1,-0.3761,-0.7,-0.1052,-0.2022,-0.9444,-0.4876
1,-0.4572,-1.2529,-0.2076,1.7726,2.4379,-1.9195
1,-0.5092,-0.7372,-0.2966,0.4469,-1.6933,-0.4149
1,-0.4781,-1.1652,-0.404,-0.353,0.5445,0.1928
1,-0.5507,-1.1463,-0.1897,-1.3432,-0.242,1.6248
1,-0.2848,-0.653,-0.1025,-0.6607,0.6808,1.5146
1,-0.4125,-0.7719,-0.1764,0.7933,-0.4126,-1.9155
1,-0.4065,-1.1884,-0.1904,1.213,-0.1354,-0.9463
1,-0.5074,-0.7453,-0.398,0.7471,0.5243,-0.3611
1,-0.471,-1.3867,-0.4376,-1.725,-0.749,0.3714
1,-0.5592,-1.0531,-0.1901,-1.0881,0.8002,1.2914
1,-0.2408,-0.5847,-0.0764,-0.6588,-0.3149,0.7451
1,-0.4962,-1.0437,-0.3038,1.1808,-0.3646,-2.3134
1,-0.3498,-0.6653,-0.0573,-0.7249,0.7993,1.9833
1,-0.5567,-1.2917,-0.3882,1.8306,2.7967,-1.2021
1,-0.3833,-0.6975,-0.2618,0.3072,-2.5901,-1.2709
1,-0.5114,-1.0207,-0.4533,-0.2052,1.2995,0.1608
1,-0.5861,-1.1361,-0.2628,-1.5271,0.1921,1.6655
1,-0.298,-0.8055,-0.0694,-1.1865,-0.2066,1.3483
1,-0.4093,-0.7377,-0.1061,1.1431,-0.5996,-1.9688
1,-0.2151,-1.1981,-0.1705,1.2129,-0.9573,-0.5056
1,-0.6315,-0.6919,-0.3609,0.8915,0.9511,-0.8414
1,-0.4233,-1.2381,-0.3632,-1.5597,-0.6767,0.4122
1,-0.453,-1.0011,-0.1592,-1.4303,0.7771,1.7056
1,-0.2859,-0.7108,-0.0283,-0.7507,0.1198,0.8138
1,-0.5333,-0.9262,-0.1958,1.527,-0.3936,-2.354
1,-0.2049,-0.8555,-0.2649,1.3261,-1.4084,-0.7934
1,-0.5935,-0.9156,-0.5034,0.6147,2.0456,-0.0751
1,-0.2291,-1.2375,-0.2331,-2.3164,-1.9047,1.5928
1,-0.3985,-0.8031,-0.0667,-0.7236,1.7128,1.8142
1,-0.3183,-0.6824,-0.0866,-0.2479,-0.9559,0.0974
1,-0.6349,-1.2136,-0.3077,2.234,1.7432,-1.9794
1,-0.548,-0.7789,-0.3882,1.1848,-1.6936,-1.2785
1,-0.4519,-1.253,-0.5451,-0.651,1.133,0.0193
1,-0.6021,-1.2356,-0.2143,-2.2482,-1.385,2.8232
1,-0.2394,-0.5119,-0.053,-0.7904,0.8902,1.7569
1,-0.6366,-0.9039,-0.2165,1.1188,-1.5807,-2.8815
1,-0.205,-1.0714,-0.2913,1.7673,0.3679,-1.3405
1,-0.7767,-0.5488,-0.3654,0.8703,1.2473,-0.5371
1,-0.2757,-1.3995,-0.2971,-2.4613,-2.109,1.5697
1,-0.3786,-0.8538,-0.0062,-0.7529,2.1156,2.13
1,-0.3291,-0.6656,-0.0858,-0.3116,-0.3236,1.253
1,-0.5836,-1.3076,-0.3823,2.7328,1.25,-3.2062
1,-0.2671,-0.9317,-0.2959,0.9674,-3.3701,-0.813
1,-0.5486,-0.9176,-0.4973,0.0929,2.1245,0.0461
1,-0.6707,-1.3765,-0.2505,-2.0122,-0.9572,2.0889
1,-0.3,-0.6707,-0.0423,-0.9459,0.9168,1.9755
1,-0.5126,-1.0276,-0.1398,0.6452,-0.9639,-1.6877
1,-0.1631,-1.123,-0.2448,1.6299,-0.0742,-1.6979
1,-0.7177,-0.6203,-0.3114,1.1098,0.7838,-0.9305
1,-0.4575,-1.3422,-0.4145,-1.7608,0.1237,0.6329
1,-0.6504,-1.1747,-0.2536,-1.399,0.7896,2.3272
1,-0.2873,-0.6878,-0.0571,-0.9327,0.3518,1.3077
1,-0.5676,-0.7764,-0.3804,1.4956,-0.8747,-2.1603
1,-0.2383,-1.0237,-0.3417,1.6129,-0.8686,-1.3323
1,-0.5677,-0.8051,-0.3949,0.3194,-0.1166,-0.714
1,-0.3911,-1.237,-0.2569,-1.4887,-0.1447,1.9484
1,-0.3062,-0.9023,-0.0959,-1.3925,1.1982,2.2598
1,-0.3042,-0.6379,-0.0704,-0.2975,-1.008,0.1988
1,-0.5102,-1.063,-0.2397,2.2187,1.7882,-2.3078
1,-0.5705,-0.8878,-0.3337,0.9096,-1.4885,-1.1641
1,-0.5206,-1.3299,-0.4768,-0.4778,0.611,0.0162
1,-0.3375,-0.8396,-0.2829,1.4288,0.0446,-0.6375
1,-0.4901,-1.1575,-0.2168,-1.6727,-1.1817,1.0457
1,-0.3428,-0.8165,-0.1062,-0.8507,0.7351,1.5494
1,-0.3181,-0.6571,-0.0779,0.1261,-0.0727,0.1568
1,-0.4233,-1.0938,-0.3693,1.5764,1.0173,-1.9267
1,-0.2216,-0.7845,-0.2955,0.2099,-2.3507,-0.212
1,-0.4436,-0.731,-0.3738,0.1432,1.1343,-0.0658
1,-0.3747,-1.2382,-0.1761,-1.2256,-0.0011,1.648
1,-0.3052,-0.7301,-0.0591,-1.0737,0.3802,1.7422
1,-0.3467,-0.6653,-0.1365,0.008,-0.7215,-0.4872
1,-0.6257,-1.3802,-0.2543,1.6312,1.4274,-2.594
1,-0.5395,-0.7609,-0.291,0.5318,-2.255,-0.4196
1,-0.4205,-1.0816,-0.4026,-0.3322,0.9244,0.2101
1,-0.5721,-1.2494,-0.1345,-1.6021,-0.1256,1.9621
1,-0.2751,-0.6606,-0.0171,-1.0496,0.2094,1.8111
1,-0.4338,-0.6045,-0.1358,1.1785,-0.0041,-1.9546
1,-0.4775,-1.3759,-0.2326,1.6375,0.3893,-1.6276
1,-0.6606,-0.6855,-0.2911,0.6397,0.081,-0.4333
1,-0.3202,-1.0264,-0.3882,-0.9602,-0.3691,0.6164
1,-0.5508,-1.2138,-0.1955,-1.5845,0.5077,1.6601
1,-0.3112,-0.5655,-0.0458,-0.7514,0.2174,1.3735
1,-0.5733,-0.9776,-0.2114,1.2379,-0.7333,-2.2166
1,-0.1914,-1.1749,-0.3076,0.7887,-1.5471,-1.0559
1,-0.5608,-0.6729,-0.2809,0.8652,0.8495,-0.6652
1,-0.5131,-1.3886,-0.3738,-1.3305,0.1771,0.2694
1,-0.5452,-1.0774,-0.1158,-1.558,-0.2141,1.8852
1,-0.2883,-0.5882,-0.0427,-0.5005,0.2733,1.1413
1,-0.4695,-0.9017,-0.1321,1.2487,-0.2626,-2.6203
1,-0.2896,-1.1965,-0.1811,0.8289,-1.4962,-0.6944
1,-0.4869,-0.7594,-0.3402,0.5392,0.8981,-0.1743
1,-0.5785,-1.2558,-0.3688,-0.9425,0.129,0.2553
1,-0.5323,-1.1754,-0.1865,-1.3401,0.3754,1.4872
1,-0.327,-0.6889,-0.1122,-0.7303,0.2476,1.3055
1,-0.4038,-0.6865,-0.2005,0.6836,-0.5784,-1.9002
1,-0.384,-1.0955,-0.2102,1.0709,-0.3403,-1.1996
1,-0.5193,-0.7019,-0.3258,0.8213,0.4414,-0.5161
1,-0.6615,-1.4311,-0.4478,-1.2379,0.5933,0.1868
1,-0.5514,-1.1929,-0.1827,-1.6299,0.0802,1.6857
1,-0.2837,-0.6034,-0.0466,-0.578,0.1753,0.8828
1,-0.4809,-1.0256,-0.128,1.4587,-0.4496,-2.5733
1,-0.2165,-1.1989,-0.2798,1.0192,-0.9272,-0.2768
1,-0.4922,-0.6764,-0.3689,0.5851,0.3503,-0.251
1,-0.658,-1.3062,-0.428,-0.8722,0.5594,-0.186
1,-0.5247,-1.1047,-0.1152,-1.8028,-0.4,1.3379
1,-0.3187,-0.6824,-0.0461,-0.6224,0.1537,1.2804
1,-0.441,-0.9077,-0.1613,0.9985,-0.3654,-1.3754
1,-0.3753,-1.2404,-0.2698,1.2941,-0.0122,-1.2192
1,-0.6409,-0.7062,-0.3129,0.7991,0.4182,-0.4936
1,-0.4657,-1.1835,-0.4069,-0.9194,0.4944,0.2958
1,-0.4733,-0.7496,-0.2863,0.5788,-2.0314,-0.6705
1,-0.6463,-1.0264,-0.0679,-1.1211,0.5835,1.4751
1,-0.3653,-0.8032,-0.0611,-0.8176,0.1292,1.4196
1,-0.4251,-0.7974,-0.1861,1.1172,0.209,-1.2969
1,-0.2719,-1.139,-0.2704,1.0225,-0.5382,-0.9408
1,-0.5683,-0.7794,-0.3268,0.7396,0.7686,-0.5822
1,-0.4896,-1.2988,-0.3925,-0.824,0.0025,0.1288
1,-0.4511,-1.0637,-0.1361,-1.0933,1.1914,1.5066
1,-0.3249,-0.7337,-0.1087,-0.7188,0.1356,1.5328
1,-0.5565,-0.9447,-0.218,1.0316,-0.2856,-1.9755
1,-0.3426,-1.1023,-0.2828,0.9032,-0.7087,-1.5095
1,-0.5787,-0.74,-0.2692,0.4071,0.3182,-0.47
1,-0.5511,-1.2994,-0.3595,-0.6623,0.8444,0.6973
1,-0.4942,-1.1294,-0.2129,-1.1206,1.373,1.7199
1,-0.2688,-0.6608,-0.1089,-0.7962,0.0362,1.2595
1,-0.4917,-0.8549,-0.3068,1.0355,-0.5939,-2.2532
1,-0.2318,-1.1163,-0.3424,0.885,-1.5176,-0.962
1,-0.595,-0.746,-0.3232,0.9375,1.0317,-0.4398
1,-0.4518,-1.1751,-0.4172,-1.5554,-0.5523,1.108
1,-0.4177,-1.0048,-0.1154,-1.1963,1.0142,1.6279
1,-0.3224,-0.6456,-0.087,-0.3623,-0.3495,0.9644
1,-0.5088,-0.9001,-0.3419,1.5403,0.5565,-1.7894
1,-0.3076,-0.8183,-0.2949,0.5359,-1.8811,-0.8363
1,-0.464,-0.9456,-0.4331,0.7952,0.9857,-0.2776
1,-0.361,-1.0142,-0.2928,-1.3004,-0.2726,0.9774
1,-0.3733,-0.8979,-0.1156,-1.0131,0.9918,1.2991
1,-0.3607,-0.7557,-0.1082,-0.2708,-0.0844,0.8149
1,-0.3929,-0.916,-0.3462,1.1807,0.5507,-1.1906
1,-0.3224,-0.7776,-0.276,0.5315,-1.8412,-0.5906
1,-0.3874,-0.9373,-0.389,0.6187,0.7418,-0.3244
1,-0.3625,-0.9615,-0.2871,-1.1885,-0.3098,0.8401
1,-0.3611,-0.9356,-0.1456,-1.0088,0.6178,1.3909
1,-0.3153,-0.6763,-0.0986,-0.3135,-0.0951,0.4221
1,-0.4193,-1.0365,-0.315,1.3615,0.688,-1.3071
1,-0.3487,-0.7784,-0.2706,0.4916,-1.9672,-0.3967
1,-0.4507,-0.9727,-0.4254,0.5321,1.2018,-0.3253
1,-0.3788,-1.0088,-0.2942,-1.3524,-0.494,1.0534
1,-0.3782,-0.8782,-0.107,-0.9976,0.6106,1.5511
1,-0.3412,-0.6507,-0.1322,-0.2567,-0.1936,0.4782
1,-0.4711,-0.8673,-0.3407,1.2778,0.5415,-1.3375
1,-0.4122,-0.7876,-0.2327,0.5722,-1.9023,-0.9036
1,-0.4749,-0.9777,-0.3861,0.6494,0.4034,-0.708
1,-0.44,-0.991,-0.32,-1.0989,0.1222,1.3575
1,-0.3917,-0.9913,-0.1059,-1.3114,0.9506,1.4159
1,-0.3612,-0.7091,-0.0917,-0.39,0.1289,0.7767
1,-0.4241,-0.8311,-0.3094,1.2639,0.3165,-1.4319
1,-0.2568,-0.87,-0.2786,0.7145,-1.5408,-0.8247
1,-0.4407,-0.9148,-0.3417,0.5597,0.3492,-0.6778
1,-0.5503,-1.0285,-0.3904,-0.7489,0.5649,1.0277
1,-0.3284,-1.0271,-0.1696,-1.3756,0.2194,1.6054
1,-0.4135,-0.8287,-0.3292,1.3433,0.2688,-1.4839
1,-0.242,-0.8694,-0.2765,0.441,-2.0295,-0.4939
1,-0.4651,-0.7856,-0.3193,0.7102,0.7134,-0.7255
1,-0.3718,-1.0961,-0.3614,-1.1459,-0.2686,1.2237
1,-0.3606,-0.908,-0.1563,-1.2403,0.9039,1.4967
1,-0.383,-0.7691,-0.1399,-0.412,0.0773,0.6188
1,-0.4329,-0.8897,-0.3777,1.0678,-0.0649,-1.3683
1,-0.285,-0.8685,-0.2958,0.5765,-2.1989,-1.2513
1,-0.4803,-0.8677,-0.365,0.8415,0.998,-0.7653
1,-0.4834,-0.9888,-0.3536,-1.0372,0.0424,1.5903
1,-0.3576,-1.0119,-0.1479,-1.2561,0.5767,1.7823
1,-0.3764,-0.7306,-0.0977,-0.1919,0.4509,0.4669
1,-0.4176,-0.9093,-0.2927,1.2625,-0.0546,-1.5952
1,-0.3218,-0.7848,-0.2521,0.8426,-1.8946,-1.0548
1,-0.5304,-1.0575,-0.4598,0.6508,1.7299,-0.3831
1,-0.5239,-1.0165,-0.2191,-1.4196,-0.6709,1.3393
1,-0.3594,-0.8816,-0.0918,-0.935,1.0527,1.5114
1,-0.3663,-0.8916,-0.0961,-0.1562,0.0884,0.4451
1,-0.4296,-1.0348,-0.3149,1.3999,1.6447,-0.9992
1,-0.5574,-0.7658,-0.2443,0.6157,-2.297,-1.134
1,-0.4886,-1.1327,-0.4675,0.3196,0.9253,-0.2996
1,-0.5281,-1.0202,-0.2226,-1.4835,-0.4009,1.61
1,-0.3193,-0.8502,-0.1058,-0.9782,0.4881,1.5382
1,-0.402,-0.8296,-0.1017,0.3269,-0.2387,-0.9772
1,-0.3427,-1.0971,-0.156,1.3836,1.3838,-0.5265
1,-0.4144,-0.741,-0.2934,0.5588,-1.3902,-0.8772
1,-0.4326,-1.127,-0.4584,-0.166,0.8579,-0.1149
1,-0.5543,-1.151,-0.1924,-1.6267,0.1314,1.3492
1,-0.3795,-0.7421,-0.0388,-0.7832,0.1088,1.4446
1,-0.4451,-1.0711,-0.2198,1.0807,0.2973,-1.2579
1,-0.3087,-1.1546,-0.189,0.891,-0.0743,-1.0425
1,-0.5988,-0.7371,-0.221,0.8843,0.4121,-0.7049
1,-0.4337,-1.1643,-0.4037,-0.4006,0.3722,0.1183
1,-0.622,-1.0092,-0.1694,-1.1269,1.432,1.1445
1,-0.3359,-0.7702,-0.075,-0.9543,-0.0466,1.428
1,-0.3981,-0.9205,-0.1545,0.7665,-0.4816,-1.3484
1,-0.3518,-1.0352,-0.2267,1.0978,0.2601,-1.0242
1,-0.5612,-0.8655,-0.2768,0.7907,0.4518,-0.7272
1,-0.5346,-1.069,-0.3827,-0.2977,0.444,0.2895
1,-0.4334,-1.1784,-0.1419,-1.6524,0.8415,1.1929
1,-0.4112,-0.7743,-0.0406,-0.8375,0.1537,1.4282
1,-0.4555,-0.8552,-0.1616,1.356,1.0553,-0.8472
1,-0.3177,-1.1547,-0.2907,0.7599,-0.8273,-0.7699
1,-0.5382,-0.709,-0.2383,0.6393,-0.3438,-0.8648
1,-0.4358,-1.2177,-0.3882,-0.3732,0.2344,0.0191
1,-0.5135,-1.1023,-0.2069,-1.3895,0.7596,1.3231
1,-0.3573,-0.7445,-0.1,-0.8172,0.3915,1.2951
1,-0.422,-0.829,-0.201,0.6922,-0.4729,-1.2798
1,-0.4157,-1.1142,-0.2515,1.0059,0.5286,-0.6162
1,-0.4332,-1.3396,-0.3952,-0.5113,-0.1165,0.039
1,-0.5186,-1.0396,-0.2189,-1.3225,0.8094,1.3835
1,-0.3538,-0.7501,-0.1071,-0.7269,0.3764,0.8658
1,-0.4204,-0.9683,-0.1688,0.792,-0.4665,-1.3069
1,-0.2902,-1.0197,-0.1704,0.7863,-0.4633,-0.297
1,-0.5847,-0.798,-0.3028,0.6232,-0.5523,-1.1941
1,-0.3924,-1.187,-0.3389,-0.8789,-0.1734,0.2327
1,-0.443,-0.9267,-0.1868,-1.1868,0.4135,1.7045
1,-0.3288,-0.6991,-0.1194,-0.8079,0.1273,0.7141
1,-0.4806,-0.9078,-0.292,0.6835,-0.4485,-1.1206
1,-0.301,-0.7023,-0.3086,0.8241,-0.5954,-0.3084
1,-0.3945,-0.8962,-0.3214,0.6876,-0.9081,-1.6352
1,-0.4588,-1.0211,-0.3287,-0.4102,0.1971,0.4302
1,-0.4248,-1.0285,-0.2368,-1.3198,1.0028,1.514
1,-0.3321,-0.7218,-0.1431,-1.2107,-0.2025,1.1051
1,-0.4946,-0.9031,-0.2628,0.5299,-0.7226,-1.6059
1,-0.3234,-1.0346,-0.166,0.5472,-1.4664,-0.9085
1,-0.5673,-0.8637,-0.285,0.9902,0.24,-1.4618
1,-0.342,-1.0812,-0.379,-1.0904,-0.5121,0.899
1,-0.4832,-1.0133,-0.2711,-1.3,1.3202,1.3761
1,-0.2818,-0.6982,-0.109,-1.0847,-0.3001,0.7639
1,-0.474,-0.9921,-0.2121,0.5863,-0.934,-1.7341
1,-0.2443,-0.9102,-0.2229,0.8498,-1.4573,-0.9001
1,-0.576,-0.7634,-0.3507,0.923,0.582,-0.7747
1,-0.5171,-1.4,-0.4914,-2.1129,-1.5845,1.2178
1,-0.4792,-0.9813,-0.2257,-1.2141,1.4903,1.6066
1,-0.2008,-0.5027,-0.0733,-0.7998,-0.6408,0.9859
1,-0.599,-0.8202,-0.3978,1.9709,0.7919,-2.3601
1,-0.1684,-0.8492,-0.2977,0.5592,-3.8618,-0.7477
1,-0.7625,-0.9776,-0.5136,1.0137,2.7852,-0.8295
1,-0.4016,-1.3017,-0.2904,-2.0616,-0.1231,1.6806
1,-0.3085,-0.8827,-0.068,-1.7991,-0.1271,2.5204
1,-0.3667,-0.6294,-0.0521,0.307,0.0605,-0.1544
1,-0.4585,-1.1899,-0.2941,1.8344,0.9237,-1.4138
1,-0.5785,-0.8118,-0.2256,0.7669,-1.8286,-1.9323
1,-0.5961,-1.1169,-0.4528,0.0781,0.8065,-0.13
1,-0.4486,-1.1581,-0.2384,-1.9406,-0.4427,1.914
1,-0.3851,-0.7746,-0.0452,-1.1782,0.7604,1.7369
1,-0.4939,-0.8838,-0.1268,0.7837,-0.7039,-1.1329
1,-0.265,-1.157,-0.2442,1.1831,-0.3847,-1.0045
1,-0.6924,-0.6821,-0.1916,0.1677,-0.5846,-1.8444
1,-0.702,-1.3692,-0.3679,-0.4394,0.3317,0.4344
1,-0.5511,-1.0057,-0.2216,-0.8057,1.2913,2.0004
1,-0.2972,-0.7779,-0.1113,-0.9355,0.5806,1.1357
1,-0.4267,-0.8159,-0.2632,0.8392,-0.6022,-1.6125
1,-0.2483,-0.9125,-0.3064,0.8923,-0.8612,-0.6628
1,-0.499,-0.7146,-0.4114,0.9605,0.8151,-0.8965
1,-0.3321,-1.0801,-0.355,-1.2696,-0.6323,1.309
1,-0.3782,-1.0344,-0.24,-1.3493,0.8422,1.6729
1,-0.5902,-0.9417,-0.2707,1.2789,1.2727,-1.4805
1,-0.205,-0.8058,-0.2942,1.2226,-0.6083,-0.818
1,-0.4733,-0.972,-0.4784,0.4437,0.9636,-0.4881
1,-0.2927,-1.0766,-0.1976,-1.962,-1.9794,1.6513
1,-0.3837,-0.7889,-0.0564,-0.1371,1.2806,1.5697
1,-0.3026,-0.7881,-0.1402,0.1089,0.0976,0.178
1,-0.4105,-1.1149,-0.3382,1.1285,0.1705,-1.8355
1,-0.5129,-0.7641,-0.2766,0.8462,-1.0185,-1.1594
1,-0.4956,-0.9839,-0.421,-0.0815,1.1113,0.425
1,-0.5959,-1.3596,-0.2303,-1.5652,-0.4279,1.3453
1,-0.325,-0.7703,-0.0638,-0.9113,0.6964,1.8059
1,-0.368,-0.6987,-0.0899,0.5082,-0.9053,-1.3104
1,-0.6232,-1.2804,-0.1903,2.2157,3.2222,-1.2556
1,-0.6403,-0.7531,-0.3114,0.6733,-1.5644,-0.5428
1,-0.4771,-1.3078,-0.4426,-0.903,0.4474,-0.0705
1,-0.6255,-1.1023,-0.1116,-1.779,-1.0072,1.4973
1,-0.3457,-0.6725,-0.0145,-0.3011,1.0736,0.9192
1,-0.3647,-0.7316,-0.1113,0.7866,-0.1489,-0.6484
1,-0.4174,-1.2551,-0.2942,1.4146,0.8789,-0.4427
1,-0.753,-0.6253,-0.4035,0.8489,0.5958,-1.2849
1,-0.285,-1.1617,-0.3997,-1.4774,-1.0148,0.0335
1,-0.5559,-1.1398,-0.1527,-1.2567,1.1006,1.9101
1,-0.2616,-0.6578,-0.0393,-0.785,0.6216,1.4072
1,-0.4714,-0.8291,-0.2854,1.7984,-0.304,-2.3707
1,-0.0312,-0.8984,-0.321,1.1843,-1.4994,-0.1271
1,-0.5427,-0.8416,-0.3706,0.796,1.3214,-0.7185
1,-0.4394,-1.008,-0.2406,-1.0675,0.3327,0.7057
1,-0.4147,-1.0514,-0.0737,-1.676,0.6217,1.4396
1,-0.3521,-0.7052,0.0148,-0.5407,0.2966,1.7813
1,-0.4526,-0.9577,-0.2118,2.6456,0.9942,-1.9012
1,-0.1369,-0.9324,-0.3133,1.2288,-2.111,-0.8282
1,-0.4828,-0.8665,-0.3635,0.4597,0.4744,-0.5719
1,-0.5353,-1.3088,-0.2609,-1.2872,0.2776,0.8609
1,-0.4485,-1.0959,-0.099,-1.4251,0.7587,1.8531
1,-0.3582,-0.678,-0.0365,-0.4115,1.2541,1.0567
1,-0.3675,-0.8687,-0.2333,1.3228,-0.9821,-1.0812
1,-0.0845,-0.8707,-0.3297,0.9489,-1.6361,-0.6597
1,-0.572,-0.8498,-0.3606,0.8404,0.5606,-1.0936
1,-0.4404,-1.1488,-0.3149,-1.1233,-1.2279,0.9972
1,-0.3745,-0.9887,-0.1634,-0.9261,2.2801,1.3925
1,-0.3354,-0.6896,-0.0837,-0.791,0.1776,0.7154
1,-0.4642,-1.0059,-0.2054,1.4133,-0.1139,-1.4635
1,-0.1654,-1.0266,-0.2376,0.5652,-1.9335,-0.2158
1,-0.5806,-0.8282,-0.3562,0.9635,0.8631,-1.0187
1,-0.4118,-1.1565,-0.355,-1.1453,-0.4233,0.5619
1,-0.3778,-0.9588,-0.1644,-1.515,0.2336,1.6444
1,-0.3077,-0.7072,-0.0822,-0.3949,0.4052,0.8654
1,-0.4335,-0.9579,-0.2629,1.3823,0.2559,-1.5978
1,-0.5454,-1.2367,-0.1753,-1.8107,-0.4103,1.4287
1,-0.5079,-1.0942,-0.1678,1.1671,-0.0702,-1.4856
1,-0.2107,-1.1937,-0.2932,1.5487,1.001,-0.7354
1,-0.6269,-0.675,-0.3372,0.5389,-0.1387,-0.4187
1,-0.5221,-1.324,-0.4095,-0.8055,0.1149,0.3838
1,-0.5475,-1.2548,-0.1738,-1.9304,-0.5956,1.4693
1,-0.3465,-0.6369,-0.0597,-0.4908,0.4857,1.5076
1,-0.4124,-0.7296,-0.2014,1.3881,0.3013,-2.4996
1,-0.4295,-1.1338,-0.4368,0.8111,-0.3601,-0.4276
1,-0.5728,-0.5821,-0.348,0.3217,0.1412,-0.0331
1,-0.4774,-1.1068,-0.3927,-0.736,0.7583,0.396
1,-0.5309,-1.0859,-0.2001,-1.5169,-0.2378,1.6517
1,-0.3826,-0.5416,-0.1021,0.0052,0.4609,0.9656
1,-0.4998,-1.0123,-0.3109,1.8881,0.1882,-2.4557
1,-0.3453,-0.9855,-0.2961,1.7048,0.3752,-0.8393
1,-0.4048,-0.7247,-0.3304,0.5802,2.9131,0.0016
1,-0.3373,-1.3324,-0.1772,-2.1421,1.2971,0.7688
1,-0.5156,-0.9479,0.0364,-1.9549,-0.3023,1.713
1,-0.4188,-0.6366,-0.0064,0.8422,0.9021,1.0213
1,-0.3119,-1.0548,-0.3433,2.4285,1.4139,-0.4168
1,-0.3994,-0.9464,-0.4077,2.1725,-0.4185,-1.1929
1,-0.4109,-1.0003,-0.4362,0.334,1.26,-0.5653
1,-0.5873,-1.1451,-0.2159,-1.6826,1.4039,0.939
1,-0.4178,-0.9335,-0.0438,-2.0592,-0.3214,1.6992
1,-0.4307,-0.8482,-0.0686,0.1741,0.0843,0.9157
1,-0.35,-0.9813,-0.2816,2.3096,0.9775,-1.1469
1,-0.5736,-0.9201,-0.3928,1.8268,0.4516,-1.478
1,-0.5897,-1.2251,-0.4773,-0.427,0.8823,0.0679
1,-0.619,-1.1478,-0.1928,-1.7833,0.5009,1.4115
1,-0.3822,-0.8384,-0.0132,-1.2741,0.0102,1.7172
1,-0.4584,-0.87,-0.1131,0.8627,-0.101,-0.8392
1,-0.4765,-1.2352,-0.2636,2.3637,1.9999,-1.2143
1,-0.5887,-0.7495,-0.4301,1.1023,0.0433,-0.5736
1,-0.481,-1.3841,-0.4139,-1.2183,0.5357,-0.2892
1,-0.5492,-1.2277,-0.148,-1.8578,-0.4268,1.8497
1,-0.3242,-0.7634,-0.0524,-0.752,0.7244,1.5219
1,-0.5114,-1.049,-0.1411,1.9412,-0.6995,-2.0089
1,-0.182,-1.0931,-0.2307,0.8381,-1.9374,-0.8981
1,-0.8018,-0.8065,-0.2887,0.9451,1.4693,-0.7111
1,-0.3339,-1.1787,-0.3224,-1.639,-0.7718,1.1218
1,-0.4812,-0.9294,-0.1098,-1.3185,0.9229,1.9424
1,-0.3357,-0.7595,-0.0301,-0.476,0.2951,0.7827
1,-0.4739,-0.9937,-0.2858,1.9394,1.1768,-1.5434
1,-0.2916,-0.851,-0.3073,1.1144,-2.134,-1.1761
1,-0.5153,-1.0053,-0.5105,0.3133,1.2458,-0.0352
1,-0.5316,-1.1844,-0.228,-1.8823,-1.2952,1.3972
1,-0.3278,-0.8114,-0.1034,-0.7048,1.4724,1.453
1,-0.3868,-0.7738,-0.1389,0.2733,-0.834,-0.498
1,-0.4182,-1.1666,-0.2469,1.7565,1.8805,-1.0063
1,-0.1869,-0.6236,0.1087,-1.8389,-1.3559,-2.384
1,-1.0392,0.2356,-0.3402,1.0553,-0.8945,2.7039
1,-0.5315,-0.3573,-0.1166,0.3599,-1.187,0.3154
1,-0.8543,-0.9357,-0.2054,-1.5192,-1.7038,-2.9237
1,-0.578,0.6813,-0.1367,-1.7867,0.1153,-1.1549
1,-0.6757,0.1866,-0.2972,1.7199,-2.5467,2.9796
1,-0.8057,-0.4016,0.0247,0.9571,0.5055,-0.1004
1,-0.2804,-0.6997,-0.0965,-2.3844,-2.6572,-2.6976
1,-1.2802,0.7517,-0.0336,-1.9394,0.8822,-1.3156
1,-0.094,0.3803,-0.09,2.7725,-4.3001,1.6686
1,-0.7494,-0.5006,0.1624,1.0854,2.0975,-0.051
1,-0.8739,-0.7241,0.0146,-2.1872,0.5897,-2.95
1,-0.6735,0.9123,-0.1056,-1.2939,-0.9327,-1.153
1,-0.6465,0.1227,-0.2789,1.2246,-0.6104,3.9521
1,-1.1518,-0.2538,0.0679,0.7731,0.5074,-0.1896
1,-0.1061,-0.4155,0.1039,-1.8517,-1.9805,-2.0669
1,-1.4141,0.7271,-0.4215,-1.8621,-0.5973,-0.7793
1,-0.3645,0.3234,-0.2121,1.5581,-1.5724,2.8706
1,-1.035,-0.1412,-0.0171,1.1256,0.646,-0.4191
1,-0.0747,-0.4678,0.1745,-2.3736,-2.8622,-2.4622
1,-0.7796,0.8557,-0.1114,-1.1473,1.144,-0.9969
1,-1.6795,0.3802,-0.5856,1.465,-1.1138,2.5493
1,-0.505,-0.3618,0.1552,0.2937,1.1957,-0.0058
1,-1.179,-0.5898,-0.2392,-2.0079,-1.1453,-2.873
1,-0.5664,0.7879,-0.2099,-0.6038,0.7746,-0.416
1,-0.5684,0.1451,-0.3501,1.6127,-2.0838,2.7455
1,-0.1372,-0.4196,0.1703,0.8443,1.0153,-0.2833
1,-3.3179,-0.4285,-0.3474,-0.615,0.1781,-3.6171
1,-0.198,0.8537,-0.1076,-1.1831,1.385,-0.8529
1,-3.6421,0.3129,-0.3307,2.035,1.3848,2.6465
1,0.2177,-0.405,0.2319,0.6626,1.2336,-0.7355
1,-3.4653,-0.433,-0.5224,-1.7521,-1.3284,-3.5922
1,0.0017,0.8835,-0.2169,-0.3312,0.9278,-0.1298
1,-1.3289,0.2688,-0.5108,1.9865,0.7273,2.0815
1,0.0453,-0.4431,0.1623,0.6419,0.7904,-0.6986
1,-2.5799,-0.8631,-0.2795,-1.9666,-0.7658,-3.6939
1,-0.355,0.8939,-0.1661,-0.751,1.8574,-0.4377
1,-3.2915,0.7169,-0.3135,2.2086,1.1963,2.9832
1,0.1756,-0.5298,0.1928,0.4747,0.416,-0.5406
1,-3.3205,-0.751,-0.5249,-2.5281,-2.7157,-0.8779
1,0.2171,0.5794,-0.0993,1.0064,-0.0258,0.1989
1,-2.9413,-0.189,-0.2762,2.3046,2.9409,3.3057
1,0.3276,-0.433,0.2173,0.0998,-0.1171,-0.6243
1,-2.7834,-0.6962,-0.5513,-1.7248,-0.387,-0.9115
1,0.2533,0.6961,-0.0444,0.4215,0.3067,0.6866
1,-3.7562,-0.2173,-0.1055,2.8225,3.2708,3.0047
1,0.4662,-0.5875,0.284,0.4822,1.0789,-0.6477
1,-2.8097,-0.7859,-0.6739,-1.7795,-2.1326,-1.6973
1,0.5025,1.1295,-0.3314,0.2717,1.6736,-1.021
1,-3.697,0.6745,-0.3466,2.228,2.8205,2.5553
1,-1.6944,0.0299,-0.5071,-2.6737,-1.4819,-1.6259
1,0.426,0.6924,-0.0547,0.3997,0.4978,1.165
1,-2.5501,-0.2174,-0.4128,1.8985,0.4424,1.9018
1,0.5423,-0.4785,0.2546,-0.4174,-0.7667,-1.3883
1,-2.3175,-0.3522,-0.6844,-1.4669,0.0169,-1.5903
1,0.1691,0.4487,-0.0947,0.3779,0.5853,1.4013
1,-2.6416,-0.4842,-0.4239,1.9189,2.1606,2.3316
1,0.4496,-0.2959,0.2686,-0.8713,-0.9283,-1.0668
1,-1.6876,-0.1028,-1.0223,-1.5197,-0.8825,-2.3704
1,0.2167,0.4237,-0.0805,0.8973,0.6435,0.9562
1,-3.3016,-0.2943,-0.3935,1.4032,1.1427,2.0634
1,0.5005,-0.5019,0.2856,-1.0723,-0.7748,-1.3297
1,-1.9996,-0.2475,-0.6973,-1.6007,-0.701,-1.6731
1,0.1984,0.6337,-0.0864,0.4272,-0.2093,1.2352
1,-2.8144,-0.2126,0.2981,2.3711,0.9846,1.3684
1,0.3751,-0.2715,0.2463,-0.2675,-0.0341,-0.2482
1,-2.133,-0.0521,-0.7868,-2.199,0.7381,-1.5434
1,0.1387,0.4021,-0.157,0.2995,-0.2773,1.093
1,-1.5958,-0.0506,-0.9551,1.2922,0.36,2.1351
1,0.1151,-0.3951,0.2823,-0.3131,0.3145,-0.568
1,-1.9699,-0.2552,-1.3741,-1.7471,-0.7484,-1.9865
1,0.3861,0.5267,-0.1265,-0.0559,-1.3362,1.7108
1,-2.0974,-0.3877,-0.8395,1.4674,-1.1347,1.3161
1,0.2408,-0.3388,0.2126,-1.1646,-0.6351,-1.0916
1,-1.4896,0.1708,-0.882,-1.629,-1.7331,-1.7703
1,0.0237,0.0815,-0.3391,1.2254,0.5106,2.9344
1,-1.375,-0.0997,-0.3028,0.8682,-1.2751,0.7319
1,-0.0823,-0.6221,-0.1152,-1.2363,-0.7549,-1.4748
1,-1.4481,0.4498,-0.4884,-1.3844,-0.37,-0.8664
1,-0.3085,0.2235,-0.2974,1.3103,-0.6237,3.3035
1,-1.1022,-0.1333,-0.1554,1.1268,-0.8101,-0.1059
1,-0.4961,-0.7713,0.1534,-1.6123,-1.0689,-1.4239
1,-0.9547,0.4808,-0.331,-1.0732,0.416,-1.4249
1,-0.8403,0.3661,-0.4736,1.5896,-0.8618,3.3438
1,-0.7635,-0.212,0.0517,1.1229,0.1111,-0.227
1,-0.651,-0.7744,-0.0659,-1.5236,-1.6793,-1.401
1,-1.1712,0.4323,-0.384,-1.1097,0.337,-0.8692
1,-2.3992,0.7632,-0.6355,0.9949,-0.7617,2.9599
1,-0.0557,-0.4334,0.1553,1.1123,1.3687,-0.2399
1,-0.4193,-0.5111,-0.0599,-1.4658,-2.1094,-2.0715
1,-0.9844,0.8759,-0.2369,-1.2,1.4414,-2.2071
1,-1.3513,0.4641,-0.6213,1.4432,-2.2232,3.2009
1,-0.6044,-0.3435,0.0278,1.3734,1.1205,-0.2175
1,-1.0931,-1.0166,0.0251,-2.1887,0.0412,-4.911
1,-0.0047,0.9388,-0.2409,-0.2837,0.0781,-0.1431
1,-3.7267,0.4667,-0.261,2.0051,-0.8275,1.3785
1,0.271,-0.4121,0.2268,0.3642,1.5238,-0.3738
1,-3.0969,-0.7487,-0.5585,-2.545,-1.1435,-2.4247
1,0.6769,-0.0201,-0.7466,-0.1581,-0.111,0.0165
1,0.6294,-0.4335,0.3236,0.1239,0.3986,-2.3053
1,-2.5857,-0.3503,-1.1886,-1.5075,-1.9099,-2.8262
1,0.3798,1.1374,0.0926,-0.0839,0.7936,2.3478
1,-1.6078,-0.5284,-0.6402,2.0456,0.3325,3.3516
1,0.0113,-0.4229,0.176,-0.5303,-0.5149,-1.6745
1,-1.8514,0.0386,-0.7003,-2.2344,-2.7705,-2.5743
1,0.4318,0.6161,-0.0557,0.5603,0.0131,1.5391
1,-1.803,-0.617,-0.5364,1.7147,1.5033,3.1364
1,0.0504,-0.5505,0.179,-0.6461,-2.1031,-2.4847
1,-1.5399,0.5152,-0.3925,-1.9208,-1.3172,-1.7767
1,0.0988,0.4331,-0.3102,-0.288,-1.341,2.1894
1,-1.5607,-0.2664,-0.3066,2.3248,0.1566,2.4483
1,0.0711,-0.7851,0.1691,-1.9876,-4.7329,-3.8769
1,-1.9375,-0.0228,-0.1874,-2.0442,0.5978,-1.7346
1,-0.7182,0.3564,-0.1139,1.079,-0.692,2.2771
1,-1.4509,-0.1479,-0.2038,1.9622,1.6865,2.7439
1,-0.3329,-0.4695,-0.1309,-0.0298,1.7068,-1.403
1,-2.7368,-0.4604,-1.089,-1.5025,-2.4517,-2.1279
1,0.3736,0.6166,-0.0143,0.5446,1.0754,2.833
1,-3.0731,-0.8179,-0.3897,1.5001,-0.8715,2.0459
1,0.6541,-0.2537,0.3067,-0.5048,-1.3895,-1.8673
1,-1.7437,0.0361,-0.5631,-2.0651,-1.6389,-1.7786
1,0.2329,0.6171,-0.1285,0.8064,-0.4375,3.0502
1,-2.4562,-0.3581,-0.1625,1.8121,-0.3237,1.4214
1,0.1817,-0.401,0.2138,-0.8739,-0.7927,-1.711
1,-1.8958,0.728,-0.22,-1.8382,-3.8114,-0.8637
1,0.2879,0.4156,0.0394,1.0477,1.6089,1.9701
1,-1.3207,-0.2428,0.0524,1.9416,2.4447,1.2523
1,-0.1436,-0.5355,0.1678,-0.7976,-2.3851,-2.7213
1,-1.4469,0.22,-0.4068,-1.9381,-1.1082,-1.054
1,0.6463,0.6211,-0.1655,1.0615,-5.7659,2.2809
1,-1.453,-0.2732,0.1712,2.1558,1.6958,0.8666
1,0.1322,-0.5014,0.2042,-1.009,-2.2596,-1.4356
1,-1.7773,0.3052,-0.1779,-2.6787,-1.1095,-1.6069
1,-0.2067,0.6465,-0.1893,1.4661,-1.4475,2.1687
1,-1.3869,-0.4666,-0.1236,1.4207,-0.2005,1.3248
1,0.0978,-0.6217,0.1949,-1.0342,-0.5756,-1.8634
1,-1.6956,-0.037,-0.5907,-1.8328,0.2551,-1.5574
1,0.2632,0.5951,-0.1038,0.2463,-1.9927,2.4016
1,-1.6186,-0.2311,-0.4861,1.7014,1.2258,1.3734
1,0.0732,-0.4938,0.2696,-0.817,-2.6731,-3.0411
1,-1.4691,-0.0035,-0.332,-1.9609,-1.2194,-0.8559
1,0.1705,0.6053,-0.1467,0.8487,-0.8986,1.4244
1,-1.0698,-0.2886,-0.0551,0.9818,-0.3185,0.6659
1,0.0537,-0.432,0.2401,-1.2105,-1.9249,-2.1595
1,-1.3231,0.2815,-0.5025,-1.8994,-0.6831,-1.3656
1,-0.1542,0.271,-0.3587,1.3886,-0.95,2.4113
1,-0.8619,-0.3893,-0.1047,1.4737,0.8861,1.1735
1,-0.1807,0.762,-0.1164,-0.6476,0.922,-0.6298
1,0.4838,-0.2374,0.1541,0.2032,0.5058,-0.1437
1,-3.1513,-0.7962,-0.3682,-1.44,0.1966,-1.191
1,-0.0012,0.9891,-0.1203,-0.2295,1.0402,0.3734
1,-3.2748,-0.3329,0.2572,2.6742,2.2309,2.4686
1,0.478,-0.5748,0.1899,0.2004,1.1058,-0.3039
1,-3.4423,-1.304,-0.4135,-3.7673,-4.1354,-1.1087
1,-0.0218,0.9048,-0.1372,1.1409,2.4234,-0.3787
1,-3.411,0.4127,0.5536,2.2456,2.3113,2.2717
1,0.3074,-0.5437,0.1209,-0.2987,-1.6066,-0.6768
1,-2.9785,-0.5408,0.0746,-2.313,0.2589,-1.5081
1,0.1016,0.3434,-0.2005,-0.1925,2.6987,-0.6865
1,-2.3261,-0.3716,0.3557,3.2818,2.1093,1.6946
1,0.7128,-0.552,0.1142,0.4689,0.0127,-0.5764
1,-2.3199,-0.232,-0.394,-2.246,-0.6763,-0.8845
1,-0.0228,0.6372,-0.178,0.083,2.2231,-0.9327
1,-3.4335,-0.0346,0.1767,2.8825,3.1265,1.9159
1,0.37,-0.5466,0.2825,-0.7021,-1.1435,-1.1407
1,-1.9844,-0.0256,-0.5937,-2.1442,-0.1235,-1.3585
1,0.3434,0.6348,-0.1315,1.4411,1.5044,1.9428
1,-1.1818,-0.2614,-0.4089,1.366,0.9059,1.4288
1,0.1257,-0.3797,0.1212,-1.0641,-1.6716,-1.681
1,-1.52,0.5861,-0.4694,-2.3813,-1.0985,-1.2033
1,0.2588,0.537,-0.3156,1.4569,-0.4679,2.7678
1,-1.5893,-0.2314,-0.3297,1.1697,-0.9862,0.8107
1,0.3524,-0.3686,0.2946,-1.3799,-1.2076,-2.5406
1,-1.5255,0.2835,-0.4341,-1.8385,-0.5941,-1.0054
1,0.1062,0.4772,-0.29,1.211,-1.4,3.0776
1,-1.6566,-0.0006,-0.4121,1.1907,-0.0651,0.8157
1,-0.2202,-0.5599,0.1149,-0.8324,-0.8166,-1.8188
1,-1.572,0.2604,-0.7091,-1.9508,-1.2167,-1.4357
1,0.1195,0.3852,-0.1145,1.4411,-1.3022,2.4393
1,-1.3009,-0.3066,-0.0212,1.32,-0.9705,0.2195
1,0.3603,-0.2843,0.1228,-1.1645,-0.4634,-0.9135
1,-1.4948,-0.091,-0.5973,-2.5266,-1.3196,-1.34
1,0.3425,0.5463,-0.1563,1.6692,-1.2059,2.8306
1,-1.6527,-0.3108,-0.3423,1.2254,-0.5569,-0.3724
1,0.4087,-0.1632,-0.0003,-0.9991,-1.9921,-0.6138
1,-1.4216,0.4839,-0.634,-2.3688,-0.218,-1.5267
1,0.439,0.4963,-0.0313,1.3983,-2.6824,1.5583
1,-2.4813,-0.2644,-0.306,1.923,0.4845,2.2418
1,0.5279,-0.5541,0.1301,-1.211,-2.9259,-2.2148
1,-1.8405,0.2431,-0.1777,-2.5532,-0.9663,-1.557
1,0.2379,0.4305,-0.502,1.2392,-1.9344,2.7076
1,-1.4738,-0.452,-0.3114,1.0327,-0.5693,1.7364
1,0.1453,-0.2017,0.2138,-0.5474,-1.3444,-2.168
1,-1.6265,0.0069,-0.4791,-1.9821,-1.1494,-1.4302
1,0.1233,0.5895,-0.1119,0.5936,-0.3569,2.4125
1,-1.0672,-0.3879,-0.3137,1.5806,-0.5746,2.0507
1,-0.244,-0.4767,0.2459,-0.9736,-1.1175,-1.2142
1,0.3398,0.5217,-0.1102,1.1307,-0.2893,2.9791
1,-1.9742,-0.4749,-0.3157,1.247,-1.2208,1.4276
1,0.4556,-0.67,0.1936,-0.9225,-0.7867,-1.9952
1,-1.3094,0.6816,-0.2736,-1.476,-0.4665,-1.2348
1,-0.7109,0.142,-0.2513,0.8361,0.0177,3.1332
1,-1.4169,-0.5555,-0.2818,1.7746,-0.1165,0.3984
1,0.1756,-0.3444,0.2297,-2.0881,-3.5062,-2.0314
1,-0.9817,0.6359,-0.2025,-1.9509,0.2553,-0.8421
1,-0.7708,0.4101,-0.3767,1.5199,-0.2671,3.7915
1,-0.6516,-0.2131,-0.0363,1.3196,-1.3837,0.3154
1,-0.2227,-0.5901,0.0991,-2.621,-2.7249,-2.5713
1,-0.3753,0.8885,-0.0617,-1.6036,0.6269,-0.7078
1,-3.1635,1.4208,-0.2882,2.5739,-1.811,2.7948
1,-0.16,-0.447,0.1651,1.308,0.5422,-0.3577
1,-3.424,-0.324,-0.1455,-2.1559,-0.9865,-2.9782
1,0.004,0.7699,-0.0799,-0.798,1.2443,-0.3478
1,-3.4476,1.3665,0.0517,2.7636,-0.5235,1.1761
1,-0.6361,-0.2702,0.0719,1.0421,1.2488,-0.474
1,-2.0933,-0.7049,-0.0647,-2.4083,-1.06,-2.3387
1,-0.4658,1.0069,-0.1069,0.0711,2.0989,0.3838
1,-2.5049,0.7717,-0.2572,2.7261,2.4548,1.4972
1,-0.3609,-0.3026,0.0741,0.5111,1.0678,-0.3701
1,-3.3611,-0.3568,-0.4106,-2.1624,0.4127,-1.3725
1,0.3206,0.6866,-0.1197,0.2072,1.6819,0.6736
1,-3.2482,-0.3064,0.1503,2.8074,3.4443,2.3474
1,0.3292,-0.4669,0.0955,0.0017,0.3169,-0.1863
1,-3.0153,-0.0933,-0.4511,-2.2923,1.381,-2.5548
1,0.1797,0.6434,-0.081,0.3757,1.4991,1.5708
1,-3.8718,1.0257,0.2005,3.1566,2.2747,2.4017
1,0.5224,-0.5632,0.0581,-1.5514,-0.4544,-1.1945
1,-3.3149,-0.2578,-0.2321,-1.9784,0.6418,-1.3344
1,-0.0203,0.7486,-0.2217,-0.1291,2.6426,0.3633
1,-3.5294,0.1051,0.1617,2.4416,2.2933,1.8646
1,0.5436,-0.2727,0.0654,0.4445,1.318,-0.5888
1,-2.9967,-0.8189,-0.59,-3.3068,-2.9288,-1.4023
1,0.1741,0.9421,-0.0633,0.8669,0.2083,0.7702
1,-3.4035,-0.467,-0.1997,2.0331,0.4604,2.3609
1,0.6118,-0.6121,0.2845,-0.3702,-0.5194,-0.9726
1,-2.2159,-0.2315,-0.3809,-2.3226,-1.5396,-1.2814
1,0.3829,0.2868,-0.1093,0.4517,-0.7164,1.2055
1,-3.4734,0.1118,0.4887,1.7331,0.5191,1.1912
1,0.2955,-0.3869,0.1258,-0.0784,0.2205,-1.1567
1,-1.1077,0.256,-0.6194,-2.3302,0.135,-1.2102
1,0.1354,0.6068,-0.1451,0.9137,-1.4038,1.7565
1,-2.4927,-0.3639,0.1845,1.8698,-0.7714,1.1387
1,-0.3884,-1.0092,0.1921,-0.7921,-1.8221,-1.542
1,-1.472,0.0492,-0.5413,-2.3697,-1.2937,-1.2731
1,-0.2446,0.291,-0.1741,1.0169,-1.5177,3.5094
1,-1.0991,-0.4302,-0.2347,1.5556,-0.9331,0.2823
1,-0.9744,0.4073,-0.4579,-2.0456,0.3252,-0.907
1,-0.1706,0.3425,-0.1353,1.1318,-3.364,3.0373
1,-1.0611,-0.213,0.1395,2.2028,1.6361,-0.1975
1,-0.5931,-0.7903,-0.4324,-1.9782,-2.9012,-1.9537
1,-0.8271,0.8661,-0.028,-1.9543,0.5105,-0.7722
1,-0.6648,0.26,-0.2843,1.5754,-2.0804,3.342
1,-0.4611,-0.3625,0.1057,1.6246,0.7564,-0.4376
1,-2.5329,-0.5848,-0.3117,-3.1104,-0.0355,-2.8251
1,-0.9168,0.9525,-0.1145,-0.4122,1.5373,-0.74
1,-1.0783,0.3027,-0.4883,2.8554,-0.8905,1.7775
1,-0.3274,-0.4822,0.0863,0.8704,1.3306,-0.0824
1,-2.6613,-0.61,-0.022,-2.9077,-2.3861,-3.7971
1,-0.0742,0.8113,0.0505,-0.4712,1.6255,0.0719
1,-3.6217,0.9399,0.2948,3.4846,2.202,0.7477
1,-0.0461,-0.5044,0.0986,0.5288,-0.3584,-0.1631
1,-2.2296,-0.3303,0.2822,-1.692,0.6799,-2.5896
1,-0.0853,0.7038,-0.1152,-0.7659,-0.261,0.5182
1,-2.9974,1.4907,0.0974,3.4374,2.1066,2.1612
1,-0.0746,-0.5385,0.1946,0.3229,2.1132,-0.2962
1,-3.3913,0.0698,0.2093,-1.5677,-2.4748,-0.8464
1,-0.2315,0.4813,-0.1984,-0.3022,1.6448,0.5257
1,-3.026,-0.2295,0.0012,2.9748,2.8367,2.361
1,0.517,-0.6075,0.1792,0.3959,0.7028,-0.4497
1,-2.6574,-0.1522,-0.1985,-2.0574,0.117,-0.6045
1,-0.277,0.4735,-0.2449,-0.4864,0.7485,0.9792
1,-3.6465,0.6726,0.3655,2.7892,3.2473,1.7755
1,0.2381,-0.5176,0.0968,-0.284,1.1644,-0.5998
1,-2.1124,-0.0382,-0.7172,-1.9689,-0.218,-1.3562
1,0.3257,0.5835,-0.1475,1.4218,0.1255,1.2064
1,-1.4637,-0.3633,-0.0934,1.6735,-0.0858,0.946
1,0.8143,-0.5364,0.087,-0.6949,-2.3738,-1.3811
1,-2.287,-0.2604,-0.33,-2.5306,-1.0915,-1.1511
1,0.0996,0.3681,-0.187,0.7411,-0.2516,2.1518
1,-1.474,-0.2074,0.0743,2.0493,0.3208,0.8328
1,0.5168,-0.486,0.1103,-0.6712,-1.9489,-1.1117
1,-1.5762,0.1115,-0.4471,-3.0281,-1.1174,-1.4242
1,-0.1162,0.4197,-0.2424,1.2381,-2.0357,2.5998
1,-1.2821,-0.125,-0.0064,1.415,-0.4616,1.1486
1,-0.2213,-0.6611,0.192,-1.8228,-1.0849,-2.6508
1,-1.556,0.084,-0.4693,-1.7284,-1.2805,-1.1583
1,-0.1507,0.2484,-0.3603,1.6713,-0.5887,2.8309
1,-1.1618,-0.2583,0.0471,1.3186,-0.3059,0.1627
1,-0.3194,-0.61,0.2832,-1.8294,-1.5733,-1.4
1,-1.373,0.3833,-0.324,-2.2604,-0.7784,-0.4741
1,-0.0534,0.4159,-0.212,1.5727,-1.4108,2.55
1,-0.7566,-0.3075,0.1338,1.5431,0.9719,-0.2409
1,-1.2891,-0.6483,-0.3083,-1.5456,-1.2417,-1.4797
1,-0.682,0.6311,-0.1813,-1.0982,0.9232,-0.7683
1,-0.6411,0.374,-0.2566,1.4195,-1.1197,2.9151
1,-0.7723,-0.9615,-0.3809,-1.3121,-1.0696,-1.4158
1,-1.4256,0.9389,-0.3199,-0.9877,0.0355,-0.9791
1,0.0983,0.3227,-0.2001,1.3279,-1.9963,3.4758
1,-1.5464,-0.1396,-0.2549,1.2476,0.6147,0.4847
1,-0.065,-0.4831,0.1138,-1.7112,-1.3313,-1.9988
1,-1.4469,0.6753,-0.123,-1.4412,-0.6932,-1.4291
1,0.0873,0.4875,-0.1512,0.6948,-0.0257,2.4111
1,-1.1183,-0.0132,-0.1829,1.2332,-1.3916,0.9069
1,0.2456,-0.3167,0.0948,-1.5246,-1.6,-2.0475
1,-1.1187,0.4448,-0.4123,-1.6708,-0.959,-1.422
1,0.044,0.408,-0.1459,0.4417,-2.3554,2.2405
1,-1.1472,-0.0668,-0.1418,1.294,1.0037,-0.3754
1,-0.3225,-0.424,0.187,-1.5978,-0.1341,-0.4679
1,-0.6409,0.8657,0.0687,-1.6913,0.5695,-0.7835
1,-2.0825,1.242,-0.0928,2.0099,-3.0155,2.038
1,-0.0243,-0.4146,0.0926,1.636,2.2544,-0.1204
1,-0.8276,-0.883,0.037,-2.6137,-1.7045,-2.088
1,0.0038,0.7971,-0.0996,-0.3351,1.4805,-0.0852
1,-3.5914,1.2443,-0.001,2.7298,0.8578,1.0308
1,0.1213,-0.4414,0.131,0.911,0.907,-0.4008
1,-0.8122,-0.4207,-0.2303,-3.2865,-2.2554,-2.5004
1,-0.1951,0.7397,-0.0801,-0.3475,1.4889,-0.2492
1,-2.8616,1.5007,-0.2093,2.8337,-1.046,0.4169
1,-0.0876,-0.4388,0.1834,1.0662,1.3648,-0.6943
1,-1.5069,-0.5511,-0.5025,-3.5678,-2.8254,-1.2956
1,-0.0945,0.7688,-0.2171,-0.9453,0.5739,-0.3081
1,-1.3445,0.2102,-0.3134,2.6009,-0.9388,1.4308
1,-0.407,-0.3566,0.1173,1.1675,1.6077,-0.2527
1,-1.6223,-0.3457,-0.1259,-2.7304,-3.2039,-1.5899
1,-0.4075,0.6231,-0.2145,-0.8186,1.3142,-0.4714
1,-1.7271,0.8223,-0.5137,2.6084,-1.6695,1.9385
1,0.1154,-0.416,0.1342,0.8896,1.5043,0.1787
1,-4.0443,-0.2568,-0.4317,-2.3365,-1.6647,-5.2573
1,0.076,0.8414,-0.1572,-0.3272,0.4521,0.1079
1,-4.1288,1.1129,-0.1464,2.4501,-0.4433,1.7813
1,0.0153,-0.6259,0.2051,0.482,1.893,0.2208
1,-3.5627,-0.5217,-0.0563,-2.2947,0.3352,-1.0136
1,-0.522,0.2762,-0.1114,0.0592,1.0863,2.5523
1,-3.8461,-0.4912,0.0657,2.1426,4.0709,3.0665
1,0.5554,-0.6276,-0.0327,0.524,1.0646,0.4393
1,-2.8296,0.0813,-0.6107,-1.7983,-0.2366,-0.7454
1,0.1878,0.7042,0.1047,-0.203,2.4308,-0.3369
1,-2.4055,-0.0945,-0.3493,3.0392,0.2316,2.4391
1,0.2364,-0.373,0.4372,-1.0898,-1.0297,0.0434
1,-2.8381,-0.1691,-0.3961,-2.8186,-0.8419,-1.737
1,0.2428,0.6927,-0.1168,0.5523,1.8416,0.7892
1,-3.6096,-0.0848,0.6953,2.6943,1.1646,1.4371
1,0.4859,-0.4158,0.3719,-0.5315,-1.2131,-0.4656
1,-3.04,-0.1869,0.6854,-2.4081,-0.4469,-0.4172
1,-2.1562,-0.3096,0.0305,3.1069,2.2949,0.838
1,0.5292,-0.4348,0.1094,-0.6113,1.2333,-0.4718
1,-3.6141,-0.1368,-0.0857,-1.5859,-0.3449,-1.1132
1,-0.0174,0.6174,-0.1866,-0.0745,1.2497,0.8871
1,-3.4296,-0.2153,0.2293,2.0973,-0.4805,1.0569
1,0.6886,-0.6108,0.1105,-0.4802,-0.2408,0.0966
1,-3.1932,-0.361,-0.2464,-1.7585,-0.6948,-1.0953
1,0.1276,0.6136,-0.1737,0.3136,0.423,1.0619
1,-3.517,-0.1489,0.2884,1.8324,-0.9414,1.1938
1,0.8064,-0.5896,0.0546,-0.8697,0.1427,-0.5224
1,-1.4087,0.2018,-0.343,-1.8664,-0.9682,-1.0572
1,0.247,0.4687,-0.1579,0.423,0.5486,1.6825
1,-1.4306,-0.342,-0.1996,1.6165,-0.6859,0.6787
1,0.6149,-0.3061,0.0596,-1.703,-2.7292,-1.1572
1,-1.9289,-0.0537,-0.3678,-1.8825,-0.6873,-1.1374
1,0.2477,0.4942,-0.1263,1.6633,0.5405,2.3798
1,-1.3159,-0.4486,-0.1646,1.6599,-1.1959,0.5743
1,0.266,-0.4471,0.0339,-2.1675,-1.4068,-1.7816
1,-1.5137,0.3868,-0.088,-1.4325,-0.7836,-0.6398
1,0.0942,0.604,-0.1196,1.6069,0.3599,2.3505
1,-1.5916,-0.4945,-0.1542,1.382,-0.6698,0.4026
1,0.3033,-0.3817,0.0575,-0.5683,-0.7874,-1.4255
1,-1.1422,0.5003,-0.1225,-2.8248,-2.6435,-0.3772
1,-0.0724,0.1202,-0.3728,1.2265,-1.2321,2.629
1,-1.2602,-0.227,-0.1035,1.4369,0.0962,0.2923
1,-0.6584,-0.8662,-0.0111,-1.9595,-2.2131,-1.3766
1,-1.1532,0.3553,-0.2998,-1.6043,-0.4117,-0.8734
1,-0.0832,0.3602,-0.1691,1.0829,-0.5773,2.6772
1,-1.2668,-0.2714,-0.0759,2.0392,-0.0432,0.4946
1,-0.963,-0.8542,-0.0867,-1.4103,-1.0342,-1.6686
1,-1.2221,0.6223,-0.1519,-1.476,1.5471,-1.353
1,0.3644,0.0772,-0.5565,0.3134,-1.1145,3.2814
1,-0.6494,-0.3504,0.0355,0.7118,2.0049,0.8821
1,-0.7087,-0.88,-0.1777,-1.3113,-2.4744,-1.2814
1,-0.8714,0.7527,-0.2088,-1.5522,0.4207,-0.6537
1,-1.2797,0.3251,-0.3624,1.2723,-2.3423,4.1997
1,-0.2371,-0.4336,-0.1122,1.4842,1.3023,-0.2227
1,-0.86,-0.7789,-0.2791,-2.5453,-2.6215,-2.4063
1,-0.645,1.0732,0.2197,-1.2246,0.8667,-0.3991
1,-0.5344,0.2624,-0.1857,2.5678,-3.8279,3.2725
1,-0.73,-0.3143,-0.1024,1.3522,0.7184,0.1996
1,-0.7043,-0.7354,0.2716,-2.8915,-1.1497,-1.5805
1,-1.0296,0.869,0.0343,-1.734,0.1523,-1.1592
1,-3.0422,1.648,-0.3019,2.0389,-3.1402,2.9613
1,-0.09,-0.3607,0.0577,1.2151,1.0075,0.0096
1,-1.9823,-0.3444,-0.1659,-2.3187,-1.5106,-3.3118
1,-0.263,0.8965,-0.0731,-0.6012,0.7011,-0.724
1,-1.8163,0.5534,-0.2755,1.8676,-1.758,1.5035
1,-2.1446,0.9168,-0.2695,1.9244,-1.0914,2.2696
1,-2.262,-0.3653,-0.3751,-1.9654,-2.4488,-2.8146
1,-0.388,0.8274,-0.1666,-0.8119,0.7293,0.1893
1,-4.0047,0.2655,0.2064,1.8925,0.5109,1.2859
1,0.6607,-0.5964,0.1815,0.4599,2.44,-1.0309
1,-3.0014,-0.3999,-0.468,-2.2941,-1.0307,-1.0658
1,0.4617,0.4022,-0.1532,-0.1706,1.6563,0.3455
1,-3.7695,0.1938,0.2724,2.6326,2.3842,1.915
1,0.5262,-0.6544,0.1885,0.0144,0.1151,-0.7722
1,-3.214,-0.3625,-0.1628,-2.0594,-0.7209,-0.7751
1,0.3727,0.4472,-0.0795,0.4903,-0.1554,1.495
1,-3.0904,-0.2887,0.1309,1.919,0.2264,0.9118
1,0.4679,-0.5289,0.2368,-0.7872,-1.8614,-1.864
1,-1.5321,0.2123,-0.3677,-2.2822,-1.3285,-1.0943
1,0.1125,0.3192,-0.2456,1.0383,-1.6067,2.6252
1,-1.2397,-0.1866,0.1429,1.064,0.0998,-0.0648
1,-0.5448,-0.6879,0.0943,-1.2441,-1.4066,-1.3342
1,-0.8217,0.7261,-0.0886,-1.5967,0.4631,-0.8338
1,-1.2716,0.3275,-0.2821,1.4866,-1.8889,3.0072
1,-0.7655,-0.2143,0.1683,1.3917,1.028,-0.4688
1,-1.2214,-0.5631,-0.4826,-2.0722,-1.1786,-0.2665
1,-0.2931,0.7099,-0.0578,-1.0633,1.5038,-0.481
1,-1.786,0.9747,-0.3164,2.1204,-2.878,1.3927
1,-0.7099,-0.259,0.0631,0.9458,1.652,-0.98
1,-1.2283,-0.8985,-0.3233,-2.4778,-2.3578,-2.0994
1,-0.4963,0.6834,-0.0907,-0.7623,0.9756,-0.2854
1,-3.2533,1.0412,0.0757,2.8128,0.0409,0.8169
1,0.4218,-0.5682,0.1526,0.5764,1.8696,-0.6138
1,-2.2213,-0.2328,-0.2057,-2.3434,-0.9176,-0.9786
1,0.2716,0.6439,-0.1435,-0.1292,0.6728,0.4491
1,-3.8616,0.797,0.2882,2.9176,3.3252,1.6272
1,0.4351,-0.6052,0.1647,-0.6359,-0.5598,-0.9339
1,-3.0624,-0.2257,-0.3653,-2.2133,-0.1816,-0.919
1,0.4118,0.3967,-0.0814,0.1242,-1.523,1.6462
1,-1.8651,-0.5479,0.0907,1.9807,1.0704,-0.6355
1,0.1112,-0.3566,0.1647,-1.1913,-1.7675,-1.3347
1,-1.0929,0.5432,-0.2667,-1.8889,-0.2243,-0.8236
1,-0.3066,0.3205,-0.1488,1.0576,-2.9137,2.1201
1,-1.1824,0.0634,0.2129,1.7414,0.4289,-0.1256
1,-1.0379,-0.9399,-0.0763,-1.3904,-1.9192,-0.8617
1,-0.7107,0.7868,-0.0919,-1.4212,0.1329,-1.3617
1,-1.1249,0.4235,-0.423,1.4371,-0.3606,3.0391
1,-0.6915,-0.2097,0.1169,1.1419,0.6373,-0.446
1,-1.3202,-0.6101,-0.2182,-1.7063,-1.1936,-0.868
1,-1.4931,0.4633,-0.1543,-1.3123,0.936,-1.3149
1,-1.1147,0.2357,-0.3358,1.3522,-0.989,2.9172
1,-0.4146,-0.3773,0.0205,1.4429,0.9101,0.0709
1,-0.3857,-0.5064,0.0599,-2.0125,-2.1061,-1.281
1,-1.582,0.4767,-0.1758,-1.4636,0.4789,-1.2455
1,-0.6815,-0.302,0.1187,1.2762,1.4082,-0.308
1,-1.3144,0.5092,0.0853,-0.858,-0.2123,2.0775
1,-1.6502,0.5653,-0.1723,2.7179,-0.5871,0.9104
1,-0.3348,-0.38,0.1515,1.1638,1.8264,-0.468
1,-1.8182,-0.5905,-0.133,-3.3321,-1.4926,-2.4924
1,-0.4361,0.7458,-0.228,-0.8082,0.1409,-0.335
1,-3.8112,1.1107,1.0656,2.796,1.5639,-0.1457
1,-0.1153,-0.4804,0.1526,1.3795,2.3341,0.0759
1,-2.9389,-0.0738,0.2677,-2.7811,-0.5598,-2.6288
1,-0.696,0.5681,-0.0848,-1.3787,1.1771,-0.8292
1,-0.7079,0.3181,-0.2639,1.4603,-2.7803,1.2241
1,-0.3732,-0.5914,0.1651,2.1505,3.0359,0.9083
1,-1.1204,-0.6845,-0.4506,-2.1032,-2.2325,-3.3829
1,-0.755,0.766,0.0131,-1.9456,0.5833,-1.9321
1,-0.7643,0.7865,-0.4219,1.8112,-2.1276,4.1607
1,-0.0658,-0.5735,0.0827,0.6028,1.1015,0.3975
1,-2.4974,0.069,-0.5282,-2.0819,-2.3794,-2.9331
1,-0.0742,0.643,-0.2139,-0.4545,1.8202,-1.4723
1,-0.5806,0.2585,-0.3654,1.854,-1.1331,3.0776
1,-0.6172,-0.3774,-0.0361,1.1608,1.0434,0.5435
1,-0.9553,-0.894,-0.9977,-2.2916,-4.2826,-4.4693
1,-0.3363,0.8006,-0.2116,-0.7203,0.3515,-0.2454
1,-3.5934,1.5467,-0.6095,2.4266,-0.8439,1.4692
1,0.1383,-0.6443,0.3017,0.9485,1.6662,-0.131
1,-2.4162,-0.0302,-0.4416,-2.38,-1.6391,-3.4042
1,-0.2254,0.6955,-0.1129,-0.6881,1.5135,-0.3009
1,-3.7707,0.4863,0.3268,2.4811,0.0686,0.5364
1,-0.2388,-0.3642,-0.0137,0.6767,1.7353,-0.0289
1,-3.035,0.0491,0.6624,-1.7788,0.3337,-3.2396
1,-0.1206,0.6798,-0.1942,-0.6707,2.4236,-0.2924
1,-2.3712,1.0847,-0.2912,3.3464,0.7372,1.2866
1,0.0653,-0.5838,0.0134,0.0946,0.935,-0.1457
1,-2.223,-0.4001,0.0184,-2.409,-2.363,-1.721
1,0.0367,0.6553,-0.0914,-0.0083,2.0494,0.5239
1,-3.9965,1.492,0.4302,2.9802,1.4669,1.9801
1,0.3445,-0.5135,0.109,0.0167,0.9763,-0.1295
1,-3.1806,-0.3909,-0.0928,-1.5979,0.3667,-0.9378
1,0.1695,0.5239,-0.1016,0.1588,0.916,1.0957
1,-3.3447,-0.1255,0.1362,2.5195,2.068,1.6701
1,0.2889,-0.525,0.1196,-0.6381,1.0898,-0.0255
1,-3.3127,-0.0751,0.0332,-2.1939,-0.4324,-1.3604
1,0.2608,0.5777,-0.2922,0.9182,1.6619,1.7907
1,-1.815,-0.1614,-0.137,1.7426,-0.8557,1.1022
1,0.5041,-0.3006,0.0662,-0.9324,-1.6068,-1.0264
1,-2.1645,0.032,-0.4389,-1.8021,-0.9146,-0.9845
1,0.3089,0.3401,-0.2103,0.5357,0.5681,0.8258
1,-1.6615,-0.2805,0.0906,1.8618,-0.1968,0.8608
1,0.1038,-0.4891,0.105,-0.3012,-0.7482,-1.3028
1,-1.3331,0.1569,-0.2929,-2.1785,-1.0951,-1.5348
1,-0.4951,0.3456,-0.2266,0.9155,2.6913,2.6471
1,0.3695,-0.324,0.1405,-0.2426,-1.4534,-1.4659
1,-1.7721,0.0362,-0.4978,-2.2529,-1.1795,-1.0133
1,0.2151,0.4313,-0.1767,1.0619,-0.5405,1.9445
1,-1.396,-0.0489,0.061,1.8097,-1.1377,0.5529
1,-0.1501,-0.383,0.1209,-1.2004,-1.086,-0.64
1,-1.7665,0.3555,-0.1495,-1.9393,-1.4174,-2.034
1,0.3024,0.4189,-0.2363,1.0385,0.5761,2.6862
1,-1.1777,-0.1888,-0.0496,1.6459,-0.5853,1.1332
1,0.1441,-0.3831,0.1195,-1.0447,-1.3808,-1.0101
1,-1.3088,0.0452,-0.3059,-2.6539,-1.8791,-1.0761
1,0.2109,0.4991,-0.1385,1.3542,-0.0129,2.7788
1,-1.1944,0.0312,-0.2525,1.2556,0.9975,1.476
1,0.3901,-0.4007,0.0805,-1.3866,3.1751,-1.2115
1,-1.2537,0.4967,-0.2406,-2.2252,-1.5369,-1.3149
1,0.0652,0.3861,-0.2133,0.4057,-0.182,1.3029
1,-1.1814,-0.0289,-0.0965,1.6554,-1.1136,1.6854
1,-0.2066,-0.4313,0.2604,-1.1517,-1.6812,-1.4418
1,-1.4725,0.7244,-0.0779,-3.1784,-0.8027,-1.3258
1,0.2796,0.494,-0.1388,1.0753,-1.5249,1.8098
1,-1.3619,-0.3931,-0.0573,1.7194,-0.3076,0.7447
1,-0.5494,-0.6263,0.4933,-1.637,-0.4407,-1.1075
1,-1.6509,0.5693,-0.0165,-2.6441,-0.6123,-1.0181
1,0.2285,0.4951,-0.1136,1.2582,-0.9797,2.6233
1,-1.6388,-0.3277,0.047,2.4126,0.719,0.5935
1,0.1362,-0.3905,0.124,-1.5324,-1.0188,-1.6391
1,-1.6923,0.1853,-0.3331,-1.5083,-0.1909,-1.8168
1,-0.3005,0.3526,-0.1129,1.2068,-1.4289,3.9145
1,-1.2838,-0.1475,0.0975,1.5944,0.0873,0.2921
1,-0.4914,-0.8405,0.0082,-1.297,-0.8887,-2.5415
1,-0.9892,0.6953,-0.1718,-1.6108,-0.8105,-0.8095
1,-0.2632,0.2949,-0.3418,0.8508,-2.2342,4.378
1,-1.2195,-0.0113,0.0506,1.9017,0.1546,-0.0875
1,-0.4829,-0.5124,0.2382,-2.4679,-1.224,-1.3738
1,-1.2539,0.8891,0.003,-1.4897,-0.1334,-1.5258
1,-0.2454,0.2727,-0.2926,1.9303,-1.6492,3.5736
1,-0.9896,-0.1314,0.1214,0.8775,0.7516,-0.2123
1,-0.5433,-0.6288,0.2382,-2.6235,-1.4775,-1.4129
1,-0.6543,0.7307,-0.0426,-1.7832,0.8901,-0.6
1,-0.8086,0.2675,-0.2562,1.4756,-3.287,3.0712
1,-0.6671,-0.2526,0.0799,1.0869,1.8476,-0.212
1,-1.4713,-0.4181,-0.2835,-2.7623,-2.261,-2.5057
1,-0.5002,0.7682,-0.0844,-0.9048,1.5072,-0.6324
1,-0.6391,0.4389,-0.0536,2.8744,-0.6531,0.2144
1,-0.5162,-0.3632,0.2215,1.0238,2.1931,-0.3044
1,-1.6581,-0.3768,-0.2143,-2.3873,-2.0207,-2.8818
1,-0.1354,0.794,-0.0293,-0.7383,0.5136,0.4235
1,-4.0254,1.3517,1.2889,3.0122,0.1509,0.337
1,0.1202,-0.2332,-0.1034,-0.1972,3.7128,-0.062
1,-3.1238,-0.131,0.4229,-2.6276,-0.5039,-0.65
1,-2.8769,0.0282,0.4844,3.3035,1.8215,1.6787
1,0.8346,-0.6863,0.1245,-0.5955,0.6887,-0.2856
1,-3.3309,-0.1715,0.1131,-1.145,0.5205,-0.5649
1,-0.2476,0.6374,-0.0961,-0.4923,1.805,0.4762
1,-2.6236,-0.2691,0.1708,2.6465,2.1682,1.7056
1,0.2058,-0.4758,0.04,0.4227,1.3342,0.0712
1,-3.5645,-0.4408,0.1917,-1.7498,-0.771,-0.6728
1,-0.1412,0.7723,0.0681,-0.038,-0.39,0.7186
1,-2.475,0.9402,0.0134,2.3608,2.1921,1.3694
1,0.2356,-0.5292,0.1458,0.4752,1.8293,0.3771
1,-3.0061,-0.2798,-0.0634,-2.4759,-0.7599,-0.4602
1,-0.1392,0.5441,-0.0853,-0.1675,2.6758,-0.3575
1,-2.7382,-0.134,0.1301,3.8225,4.7694,1.7879
1,0.4771,-0.5843,0.2443,-0.9184,-3.3017,-1.6398
1,-2.9584,-0.056,-0.2139,-2.1184,-0.7213,-0.7851
1,0.1049,0.4366,-0.2614,-0.2542,1.7091,1.1857
1,-3.2118,0.0271,0.2433,2.5185,0.3526,1.1077
1,0.562,-0.4893,0.1218,-0.6625,-1.1735,-0.7795
1,-1.9686,0.2249,-0.2458,-1.3077,0.0738,-1.173
1,0.1953,0.4712,-0.1615,0.6538,0.4861,1.8136
1,-1.2878,-0.476,0.0948,2.4787,0.6798,0.8517
1,-0.3737,-0.5791,0.1444,-1.2355,-2.3457,-1.1591
1,-1.506,0.2783,-0.4341,-1.4707,0.1883,-0.8261
1,0.2621,0.4967,-0.1051,1.5552,-1.0436,3.145
1,-0.8386,-0.2638,-0.027,1.1065,-0.1053,-0.325
1,0.096,-0.2783,0.0979,-2.0703,-2.4469,-0.057
1,-1.1916,0.6581,-0.2041,-1.4293,-0.2484,-1.2556
1,-0.8276,0.7876,-0.2809,1.3391,-1.2541,3.4724
1,-0.3966,-0.3367,0.0657,0.9739,-0.1495,-1.7674
1,-2.5137,-0.4412,-0.0024,-2.6153,-1.8298,-1.3736
1,-0.174,0.8074,-0.1641,-0.7987,2.2097,-0.4508
1,-1.8477,0.765,-0.3103,2.2962,-1.285,0.6206
1,0.2515,-0.5504,0.1516,0.3172,1.9536,-0.1995
1,-3.1462,0.3286,0.1792,-2.3168,-0.5054,-1.6724
1,0.3084,0.5154,-0.3741,0.1425,0.619,0.8805
1,-2.0828,-0.143,0.2568,2.9708,1.5153,1.1506
1,0.1506,-0.3251,0.1132,-1.4198,-0.8776,-0.6105
1,-1.8058,0.1428,-0.5366,-2.496,0.162,-2.0067
1,0.0149,0.798,-0.0682,0.289,-0.2079,1.6655
1,-1.1239,-0.4085,-0.0343,2.6973,-0.0631,0.9059
1,-0.9422,-0.7096,0.1724,-2.3504,-1.5651,-1.6828
1,-0.8673,0.8474,-0.0479,-1.7247,-0.0494,-1.4226
1,-1.115,0.2158,-0.2968,1.268,0.1418,3.1823
1,-0.6911,-0.1409,0.2579,1.5936,1.1211,-0.7531
1,-0.6986,-0.4961,-0.1508,-1.6164,-0.8603,-0.2957
1,-1.2366,0.6703,-0.0794,-0.5785,-0.4897,-0.9424
1,-0.6611,0.3067,-0.2377,2.5906,-0.576,2.2328
1,-0.7122,-0.3025,0.3232,2.2584,1.17,-0.3206
1,0.618,-0.7673,0.2126,0.4407,1.2068,-0.0958
1,0.3874,0.4859,-0.0806,-0.4637,2.563,0.5992
1,-4.0031,0.6895,0.535,3.3512,1.6359,1.7158
1,0.7434,-0.5257,0.084,-1.2969,-0.8937,-0.5698
1,-1.9188,0.2461,-0.3689,-1.7223,-0.0741,-0.8466
1,0.14,0.4516,-0.2347,0.8272,1.7739,1.319
1,-1.6625,-0.1834,0.0524,2.0574,-1.077,0.6164
1,-0.0651,-0.6506,0.1719,-1.2323,-2.0629,-1.1735
1,-1.5803,0.4767,-0.3316,-2.1708,-0.596,-1.1596
1,-0.2597,0.228,-0.2949,0.966,-0.9301,2.2997
1,-1.1842,-0.2359,0.0946,1.7837,0.2274,0.3705
1,0.088,-0.5149,0.203,-1.4845,-1.5319,-1.6783
1,-0.7927,0.6511,0.016,-2.162,0.5445,0.2446
1,-1.0677,0.1693,-0.1828,2.5903,0.2344,2.951
1,-0.9812,-0.2408,0.372,1.063,-0.6808,-0.4314
1,-0.9982,-0.7151,0.0577,-1.8086,0.0485,-0.7626
1,-0.4623,0.7835,-0.123,-1.5943,1.7023,-0.3923
1,-1.3765,0.616,-0.2072,2.8852,-2.2597,1.6028
1,-0.5951,-0.3561,0.1948,0.5726,0.3805,-0.6092
1,-1.4976,-0.3626,0.1497,-2.5955,-2.3989,-3.0179
1,-0.2597,0.711,-0.1006,-0.7681,2.542,0.3405
1,-3.2563,1.4174,0.607,3.086,1.6162,1.1206
1,0.1984,-0.506,0.1919,0.5528,1.3694,-0.8156
1,-2.2102,0.0617,0.2063,-1.6649,-1.9169,-2.825
1,-0.4497,0.4661,-0.1691,0.0138,1.7701,-0.1088
1,-2.1022,0.0406,0.1589,2.5597,0.0419,1.1252
1,0.1848,-0.4191,0.0691,-0.2179,2.0099,-0.2736
1,-2.3075,-0.0209,0.0476,-1.9213,-0.9543,-0.9671
1,-0.0627,0.702,-0.2113,0.0314,0.712,0.4954
1,-2.9696,-0.1516,0.323,3.0238,1.3846,1.615
1,0.5548,-0.4883,0.1224,-0.2611,-0.4498,-0.6165
1,-3.1096,-0.3621,-0.0969,-2.1407,-0.2028,-0.7169
1,0.261,0.4011,-0.1676,-0.1199,1.2718,0.3088
1,-3.1499,-0.1953,0.2689,2.9958,2.4747,1.7957
1,1.2155,-0.6297,0.1658,-0.2115,2.4239,0.0261
1,-3.1539,-0.4872,-0.8725,-1.4539,0.7877,-2.608
1,0.385,0.5914,-0.101,-0.0737,0.4956,0.7698
1,-3.6123,-0.0197,0.3977,3.3945,1.7283,1.5978
1,0.5119,-0.4345,0.1529,-0.4641,-0.5031,-0.5594
1,-3.1403,0.2282,0.168,-1.8103,-1.0384,-0.3773
1,0.2738,0.332,-0.1124,0.1834,0.7943,1.0312
1,-2.1801,0.0111,0.0853,2.9469,1.304,1.2398
1,0.2605,-0.3789,0.209,-1.5283,-2.5213,-1.1666
1,-2.8498,-0.1225,-0.1544,-1.8068,0.1808,-1.52
1,-0.2822,0.3243,-0.2549,1.2777,-0.5251,2.0298
1,-1.0739,0.0033,0.1052,2.1021,-0.9863,0.2939
1,-0.8984,-0.6632,-0.0065,-1.9545,-0.5048,-1.398
1,-1.2375,0.555,-0.1661,-1.5332,-0.3474,-0.5405
1,-0.8158,0.6799,-0.2292,1.5511,-1.7498,2.4386
1,-0.7421,-0.1642,0.1771,1.7736,0.1266,-0.5824
1,-0.3342,0.8128,-0.0344,-0.954,1.8785,-1.176
1,-3.1072,1.3493,0.0184,2.0459,-3.3989,2.001
1,0.3593,-0.5577,0.2113,0.7866,1.7877,-0.1436
1,-2.7092,-0.0685,0.0811,-2.2673,-2.173,-2.1059
1,-0.4065,0.7469,-0.0828,-0.7888,1.7696,-0.216
1,-1.2975,0.4952,-0.2205,3.0099,0.8695,1.0756
1,0.5114,-0.5508,0.1244,0.5796,1.1562,-0.3916
1,-2.5798,0.0007,0.1089,-2.0538,-2.079,-1.3849
1,-0.1279,0.7171,-0.1308,-0.4202,1.1141,-0.057
1,-3.7125,0.3617,0.339,2.4761,1.7415,1.3022
1,0.3068,-0.4548,0.1007,0.3275,0.4332,-0.2702
1,-2.937,-0.6036,-0.3549,-2.3881,0.8443,-2.0594
1,0.4111,0.3679,0.0693,1.0221,3.7386,0.4543
1,-4.2358,1.2289,0.2625,2.9664,1.8002,2.7778
1,0.4154,-0.5267,0.1807,-0.3173,-0.1203,-0.2645
1,-3.5398,-0.0176,0.0502,-2.4347,-0.6629,-1.3763
1,0.3055,0.4927,-0.0753,0.0417,1.0422,1.1938
1,-3.4367,0.3097,0.3684,2.6829,2.6767,0.9461
1,0.4864,-0.3491,0.1231,-0.3844,1.2016,-0.1654
1,-1.9273,0.04,-0.8788,-1.3272,-0.0551,-1.799
1,-0.3034,0.3658,-0.0093,0.9154,0.3768,1.4382
1,-1.9263,-0.3501,-0.662,2.4538,1.6768,1.037
1,0.3674,-0.5012,0.2994,-1.2248,-0.6483,-0.5587
1,-2.5479,-0.2849,-0.5133,-1.8916,-1.4381,-1.6046
1,0.3526,0.3578,-0.2142,0.9658,-0.7781,2.0069
1,-2.4869,-0.6005,-0.009,1.5971,0.9082,0.0227
1,0.1982,-0.4058,0.1615,-1.3743,-1.6591,-1.1164
1,-0.4431,0.8781,-0.158,-2.056,0.7149,-1.0258
1,-0.9602,0.2678,-0.3201,1.1391,-2.4298,2.6986
1,-0.3843,-0.3853,0.0189,1.1778,1.3306,-0.6036
1,-2.1137,-0.3606,-0.0615,-2.336,-2.3219,-2.0006
1,-0.4239,0.7182,-0.2052,-0.8292,1.1145,-0.1723
1,-0.9561,0.3991,-0.0636,1.9575,-1.0098,1.1289
1,-0.4221,-0.2332,0.076,1.0226,1.6579,-1.0606
1,-1.5492,-0.4191,-0.4258,-2.4284,-2.3488,-1.7754
1,0.2529,0.5865,-0.2079,-0.1507,1.2931,-0.0598
1,-2.8105,0.2501,0.3933,3.5365,-0.1158,1.8308
1,0.4919,-0.4508,0.11,0.3273,0.6999,-0.306
1,-3.2269,-0.2473,0.5502,-2.119,0.3498,-0.9945
1,-0.0753,0.647,-0.1269,0.3493,1.786,1.0237
1,-3.3928,0.7515,0.7747,3.3591,1.5224,0.8444
1,0.3411,-0.3695,0.0778,-0.6024,0.436,-0.4838
1,-1.9432,0.3757,-0.2446,-1.2037,0.371,-0.8326
1,-0.0799,0.4212,-0.1491,0.8154,1.0489,1.9335
1,-2.1956,-0.2006,0.0328,1.1686,-0.0153,-0.1334
1,-0.6846,-0.4039,0.0828,-1.7424,0.0209,0.0242
1,-1.0887,0.7325,-0.0408,-2.8294,1.744,-0.2734
1,-0.8977,0.4183,-0.0752,0.183,-2.6297,0.7479
1,-0.6238,-0.5152,-0.1303,-1.3753,-1.2806,0.1123
1,-1.1618,0.9336,-0.1387,1.3365,-2.9904,1.5302
1,0.0179,-0.4242,0.0601,0.6425,1.5893,-0.6445
1,-3.9872,-0.5972,0.0804,-2.1112,-0.7642,-1.2562
1,0.3323,0.3294,-0.105,-0.1905,1.0805,0.0302
1,-3.4004,-0.5671,-0.0642,4.0713,2.8036,1.2772
1,0.3029,-0.5192,0.1374,-0.6791,0.9833,0.314
1,-2.8861,-0.4186,-0.4991,-2.4584,0.0714,-1.1134
1,0.3404,0.5664,0.149,0.2712,4.4483,0.9119
1,-2.9293,-0.3275,-0.7711,1.4989,0.6017,2.7958
1,0.6044,-0.5215,0.1906,-0.4537,-1.4181,-1.0366
1,-2.3077,-0.0873,-0.4081,-2.3435,-0.8751,-2.0851
1,0.2881,0.7178,-0.2155,-0.0198,-1.7202,2.2009
1,-2.5012,-0.5938,0.2568,2.0094,1.3127,0.6899
1,0.3508,-0.251,0.1262,-2.3785,-0.7429,-1.7706
1,-2.5541,-0.1437,-0.1733,-1.7252,0.9521,-1.7614
1,0.3949,0.4387,-0.0213,1.2717,-0.7312,2.7538
1,-3.1298,-0.532,0.2953,1.6492,-0.2157,1.5638
1,0.6552,-0.4865,-0.0079,-1.0821,-1.6934,-1.183
1,-2.203,0.0631,-0.3314,-2.5837,-1.9703,-2.2659
1,0.3905,0.779,-0.1587,0.1611,1.0359,1.5426
1,-1.9382,-0.3431,0.0039,2.9706,0.4975,2.5076
1,0.6268,-0.5168,0.1591,-0.4916,-1.7618,-1.1115
1,-3.0923,0.1903,-0.2531,-2.8726,-1.5959,-1.0377
1,0.5609,0.7359,-0.1126,1.0357,-0.8134,1.5325
1,-2.9763,-0.2724,0.0768,2.2999,0.3291,1.0739
1,0.2403,-0.4349,0.2151,-0.4808,-0.1645,-1.6891
1,-2.4174,0.2986,-0.6029,-1.4866,0.5148,-1.339
1,0.0639,0.5444,-0.1378,0.5662,-1.9573,2.0068
1,-1.9729,-0.2519,-0.115,1.9509,0.2114,1.3014
1,0.0623,-0.5754,0.2085,-0.9699,-1.3558,-2.0708
1,-1.1561,0.8356,-0.0421,-2.2471,-0.8059,-1.3204
1,0.4949,1.5297,-1.4354,0.9636,-3.506,7.2762
1,-0.7024,-0.1488,0.0503,1.2783,0.8216,0.2995
1,-1.2402,-0.9348,-0.2361,-1.115,-2.2633,-2.1216
1,-0.3493,0.7704,-0.1919,-1.2737,0.8854,-0.624
1,-1.0492,0.109,-0.345,1.2065,-1.0569,3.42
1,-0.5074,-0.5369,0.1841,1.0936,1.9068,-0.1639
1,-0.8938,-0.8432,-0.1109,-2.4748,-1.98,-2.1724
1,-0.1864,0.8438,-0.1897,-0.7545,1.0809,-0.4434
1,-2.3274,1.2221,-0.4474,1.8829,-2.4174,2.0411
1,0.0453,-0.6371,0.1568,1.0497,1.1034,0.1713
1,-3.5528,-0.2048,-0.0441,-2.3998,-2.3888,-3.5724
1,-0.5859,0.767,-0.1724,-0.9485,1.9946,-0.2882
1,-1.2101,0.3297,-0.3012,2.7225,-2.1052,1.1265
1,-0.2172,-0.6146,0.2398,0.654,1.6331,-0.3909
1,-3.8717,-0.1436,0.1765,-2.4309,-2.6672,-3.4489
1,0.2369,0.6355,-0.0509,-0.996,2.3767,0.3544
1,-3.5568,0.1608,0.518,3.8768,1.7419,1.5858
1,-0.7802,0.1244,0.1856,2.8112,1.2014,-0.774
1,-0.2163,0.7321,-0.0699,0.67,1.6403,-1.4853
1,-2.7792,1.3502,0.0613,2.7955,-1.7837,2.2154
1,-0.5043,-0.2624,0.2054,1.5479,0.6324,-0.2704
1,-1.6396,-0.7473,-0.3959,-2.0317,-1.247,-2.7153
1,0.123,0.6851,-0.1559,-0.871,0.1848,-0.0044
1,-3.4719,1.3542,0.4734,2.4463,-1.6672,0.8079
1,0.3629,-0.3976,0.0776,0.2364,0.1059,-0.8547
1,-2.9755,-0.47,-0.1439,-2.2365,-1.6933,-2.0299
1,0.2556,0.5148,-0.0955,-0.3698,0.2678,0.2132
1,-2.8138,-0.3283,0.2169,3.1865,1.9552,1.9383
1,0.4968,-0.3232,0.0316,-0.9182,-1.5358,-1.1862
1,-1.5414,0.2368,-0.336,-2.0865,-0.7258,-0.7635
1,0.2903,0.3746,-0.2393,0.6305,-1.0368,1.4513
1,-2.0652,-0.1127,0.1448,2.4286,1.3649,1.4112
1,0.0735,-0.485,0.2271,-0.8921,-0.8326,-1.1739
1,-1.987,0.0918,-0.289,-2.3895,-1.7011,-1.0532
1,0.2482,0.4032,-0.1586,1.0483,-0.5658,2.1531
1,-1.3186,-0.2493,0.091,1.5373,0.2908,0.3524
1,-0.1685,-0.5478,0.2082,-1.8756,-1.3071,-1.9172
1,-1.7086,0.3618,-0.1418,-1.8828,-0.4864,-0.3775
1,0.313,0.4278,-0.2733,1.1221,-3.0254,1.4311
1,-1.6006,-0.405,0.7524,1.8003,2.5066,-0.0861
1,0.1225,-0.5755,0.2142,-2.1345,-2.2134,-0.9791
1,-1.0434,0.6479,0.147,-2.0976,1.3553,-0.4028
1,-0.4072,0.2451,-0.1505,1.6317,-2.6645,2.8633
1,-0.9639,-0.2376,0.397,1.6361,1.0065,-0.5695
1,-0.5224,-0.8141,0.2439,-2.6762,-1.4088,-1.5113
1,-1.2824,0.6567,-0.0441,-1.5407,0.5044,-0.6076
1,-2.3069,0.5855,0.2733,2.1332,-0.6956,0.3283
1,-0.2852,-0.3499,0.1674,1.5207,2.3137,-0.5838
1,-1.239,-0.7218,0.0355,-2.4441,-1.5381,-2.2215
1,-0.484,0.697,-0.156,-1.1303,1.5143,-0.0463
1,-2.5994,0.8358,1.0482,2.8884,1.2438,0.4959
1,0.3159,-0.4915,0.1765,0.9351,1.6311,-0.839
1,-3.0391,-0.067,0.218,-3.0104,-1.9215,-1.9829
1,0.2711,0.6349,-0.1304,-0.2041,0.7657,0.3296
1,-2.2244,0.0019,0.3775,2.6342,1.4282,1.5181
1,0.4308,-0.5809,0.0781,-0.513,-0.7613,-1.2636
1,-1.9591,0.0461,-0.1009,-2.8105,-0.5543,-0.8509
1,0.2039,0.3972,-0.1971,0.4798,-1.2895,1.0454
1,-2.7582,-0.435,0.4262,2.063,0.9562,1.1059
1,0.6186,-0.524,0.1095,-1.5979,0.5197,-1.2565
1,-1.8157,0.3254,-0.0596,-2.7574,-1.3349,-0.4896
1,-0.0258,0.3831,-0.0793,0.2799,-0.7238,1.3258
1,-1.6029,0.2088,0.1631,2.7631,1.5998,-0.2271
1,-0.3434,-0.5678,0.2048,-0.7724,-1.3518,-1.0969
1,-1.7792,0.3266,-0.0981,-2.5202,-1.0503,-0.9075
1,-0.0356,0.4968,-0.0985,1.1617,-1.2875,1.7237
1,-1.9084,-0.2025,0.1884,2.4674,0.1397,0.8563
1,-1.5926,0.5594,-0.0043,-2.2658,-0.1618,-0.0971
1,-0.0103,0.372,-0.1526,1.3445,-1.6854,2.3673
1,-1.1558,-0.2268,0.1894,1.504,0.6345,-0.1396
1,-0.451,-0.6147,0.2439,-1.4574,0.5996,-2.0856
1,-0.885,0.4901,-0.2549,-1.4822,-0.0664,-0.3519
1,-0.3798,0.1831,-0.5914,0.8363,-0.0121,2.938
1,-0.937,-0.2049,0.0069,1.5561,0.618,-0.5476
1,-0.0355,-0.8191,-0.1507,-1.2885,-1.6342,-1.2852
1,-0.9837,0.5676,-0.3532,-1.1273,-0.6906,-0.556
1,-0.4991,0.6761,-0.2633,0.8783,-3.0077,2.8926
1,-1.0093,-0.1113,0.1498,1.4442,1.0079,-0.5652
1,-0.2074,-0.4787,0.044,-2.5598,-1.6441,-1.928
1,-0.2448,0.6162,-0.1173,-0.9272,0.5205,-0.5574
1,-1.181,0.5257,-0.1653,1.3473,-1.8671,2.3098
1,-0.2466,-0.3526,0.0848,1.1487,-0.0902,-0.7548
1,-1.401,-0.3275,0.2795,-2.441,0.5929,-2.3658
1,-0.5067,0.7872,0.0019,0.2237,0.4952,-0.2542
1,-2.2322,0.8453,0.0162,2.9198,3.0179,2.8582
1,0.3806,-0.6236,0.1773,0.4953,1.0916,-0.609
1,-3.0133,-0.1213,0.0803,-3.3042,-1.6213,-2.6739
1,-0.2647,0.5164,-0.2238,0.0867,1.2405,0.5384
1,-4.029,0.8154,0.7716,3.3982,2.8905,1.7486
1,0.5396,-0.5884,0.1145,0.0558,0.895,-0.3702
1,-2.0083,-0.0023,-0.1777,-2.4706,-1.0282,-0.6252
1,0.29,0.3259,-0.1674,0.4088,0.5895,0.8344
1,-1.795,-0.4079,0.0114,2.633,2.4288,0.9182
1,0.5421,-0.4678,0.1198,-1.1454,-1.0899,-1.3125
1,-2.0185,0.1173,-0.2497,-2.1262,-1.0704,-0.937
1,0.2692,0.3456,-0.1167,0.7356,0.1471,1.3252
1,-2.3224,-0.3484,0.2697,1.9812,0.808,1.153
1,0.541,-0.5658,0.1307,-0.6321,-1.0336,-1.2233
1,-1.7415,0.3539,-0.0814,-2.281,-1.4038,-1.0181
1,0.14,0.2907,-0.12,1.2667,0.4717,2.3373
1,-1.7391,-0.4955,-0.0575,1.8253,-0.5144,0.3763
1,-0.0358,-0.4417,0.0576,-0.6935,-2.3011,-1.4783
1,-1.8422,0.0092,-0.1348,-2.1548,-0.0569,-0.2281
1,0.0576,0.4115,-0.2718,1.3663,-0.3236,2.1994
1,-0.8337,-0.2466,0.1572,1.562,-0.5632,-0.4707
1,-0.2811,-0.7034,0.1874,-2.2768,-1.5767,-1.8168
1,-1.1178,0.5698,-0.2109,-2.1934,-0.4193,-0.1778
1,-0.5299,0.4564,-0.1134,2.1276,-3.908,3.6697
1,-0.7644,-0.1706,0.0442,1.7863,1.5889,-0.5959
1,-2.3219,-0.5388,0.048,-3.5853,-2.7616,-2.0362
1,0.16,0.6626,-0.2644,-0.471,1.855,-0.1702
1,-3.494,0.6448,0.7219,2.2833,-0.0208,1.1324
1,-0.3945,-0.3169,0.078,0.7167,2.3272,-1.229
1,-1.5567,-0.6082,-0.0517,-2.1434,-1.8735,-1.8044
1,-0.3799,0.6711,-0.0704,-0.1585,-0.3859,-0.2041
1,-1.6676,0.6295,-0.2107,2.7516,0.9385,1.0056
1,-2.4812,-0.4004,0.0516,-2.6776,-1.4647,-1.6146
1,-0.2096,0.7161,0.0056,0.3885,-0.0515,0.6288
1,-3.8149,0.6376,0.652,2.9522,2.2889,1.8713
1,0.5046,-0.64,0.2178,-0.8407,-0.4908,-0.7427
1,-1.6905,0.2276,-0.2092,-2.3889,0.2224,-0.8159
1,0.2725,0.3535,-0.1,0.6513,0.107,1.2794
1,-2.6984,-0.3742,-0.1512,2.0728,0.3579,1.3193
1,-0.0407,-0.4736,0.177,-1.2986,-2.2437,-1.3841
1,-2.3995,-0.1915,0.1472,-2.2322,-0.3526,-0.6935
1,-0.0482,0.4,-0.1154,1.5323,-1.3996,2.1478
1,-2.0399,-0.1918,0.5299,2.0128,1.4543,-0.1239
1,0.4043,-0.3367,0.1672,-1.4922,-2.4407,-1.6779
1,-1.6891,0.4727,0.2933,-1.9145,-1.3723,0.055
1,-0.652,0.2928,0.0096,2.3405,-0.8815,2.0417
1,-0.4463,-0.2055,0.2248,1.1857,0.747,-0.8396
1,-0.4672,-0.8755,0.3959,-2.7848,-2.4318,-0.1175
1,-0.5058,0.7607,0.1137,-1.5263,1.8732,-0.055
1,-0.8382,0.4747,0.1147,2.2274,-1.2536,1.8401
1,-0.6281,-0.1898,0.0768,0.962,2.1905,-1.3478
1,-1.6438,-0.7051,-0.0856,-2.1409,-2.5163,-3.1685
1,-0.0274,0.5966,-0.0508,-0.4452,1.4459,-0.501
1,-3.0018,1.0265,0.3611,2.14,-0.4573,1.6273
1,0.2832,-0.442,0.1977,1.2758,0.3467,-1.0456
1,-3.5989,0.131,0.336,-2.2624,-2.4377,-3.6588
1,-0.3378,0.6986,-0.1115,-1.1048,1.5235,0.1688
1,-3.2529,1.7046,0.4315,3.5115,2.31,2.28
1,0.3368,-0.6405,0.1767,-0.2769,-1.6745,-0.914
1,-2.3808,-0.3033,-0.0375,-2.1015,-0.303,-0.4112
1,0.1874,0.5777,-0.2025,1.4812,-2.9974,0.7033
1,-2.5505,-0.2452,0.6658,1.7354,1.5411,0.96
1,0.264,-0.4339,0.0421,-0.2763,-0.4164,0.5045
1,-2.2629,0.3291,0.1257,-2.3319,0.0456,-1.0555
1,0.2204,0.2725,-0.2123,0.542,-0.263,0.8723
1,-3.1225,-0.0253,0.4567,2.324,1.8412,1.319
1,0.4489,-0.4991,0.0823,-0.7275,-0.9123,-0.6961
1,-2.7447,-0.0204,-0.1161,-2.0829,-0.2161,-0.8797
1,-0.1039,0.269,-0.5077,1.4383,1.6769,1.4569
1,-1.508,-0.2892,0.0474,1.5875,-1.5096,1.3748
1,0.0646,-0.6918,0.095,-1.375,-1.58,-1.6421
1,-1.5061,0.564,-0.0885,-2.2229,0.77,-0.6037
1,-0.6561,0.3229,-0.2036,1.8133,-2.0645,2.7147
1,-0.9387,-0.1886,0.1617,1.4325,-0.0692,-0.1727
1,-0.675,-0.9239,0.0521,-1.9409,-0.8019,-1.4869
1,-0.9186,0.6348,-0.1626,-0.9494,0.8607,-0.883
1,-1.1826,0.3451,-0.2302,2.0101,-2.4977,2.7754
1,0.0451,-0.4433,0.2094,0.8071,1.604,-0.4532
1,-1.9103,-0.2276,-0.0942,-2.5639,-1.4251,-3.1681
1,-0.4852,0.5325,-0.4143,-0.1223,0.4913,-0.0344
1,-0.7259,0.3797,-0.2319,1.544,-1.4137,2.973
1,-2.0902,0.046,0.1324,-2.6518,-3.7264,-4.5006
1,-0.4494,0.9699,-0.0931,-0.2879,0.6216,0.1329
1,-4.0774,0.3681,0.5865,3.2359,2.2625,3.4218
1,0.2842,-0.5935,0.1973,-0.2812,-0.415,-1.3061
1,-3.3845,-0.1732,0.3809,-2.1593,-1.309,-1.8092
1,0.3061,0.5557,-0.0211,0.1583,0.42,1.1063
1,-3.6702,-0.2437,0.5734,2.3448,2.7568,1.5518
1,0.7239,-0.4895,0.1249,-0.0036,-0.6548,-1.0196
1,-2.0558,-0.014,-0.2003,-1.8728,-1.2684,-0.9225
1,0.2046,0.4692,-0.1648,0.6706,0.2186,1.5861
1,-2.5297,-0.0567,0.4096,2.2825,0.9579,0.8486
1,0.3759,-0.4779,0.1776,-0.9126,-1.4254,-1.9328
1,-1.8041,0.4435,0.2724,-2.2362,-0.5694,-0.083
1,0.1125,0.3797,-0.2461,1.34,-1.3394,2.1469
1,-1.8315,-0.5094,0.2329,1.5431,0.2545,0.2546
1,0.2237,-0.3032,0.1694,-0.5912,-1.6233,-1.7899
1,-1.0563,0.6117,-0.0876,-2.4417,-1.0676,-0.6769
1,-0.8443,0.2706,-0.2942,1.5156,-2.1139,3.4853
1,-0.7482,-0.2799,0.1567,1.1387,1.0369,-0.5483
1,-0.7069,-0.8096,0.2013,-3.2881,-1.7493,-0.9368
1,-0.7375,0.9462,-0.1854,-0.722,0.8348,-0.4583
1,-3.0117,0.8885,0.382,2.3084,-0.2587,0.9279
1,-0.7653,-0.6131,0.1689,0.8485,0.7313,-0.2774
1,-1.5431,-0.1699,-0.1568,-2.4512,-1.2186,-2.387
1,-0.3333,0.6294,-0.1523,-1.1263,1.0502,-0.1914
1,-3.2865,2.1669,0.3881,3.8712,-0.8553,1.6267
1,0.2678,-0.7378,0.1584,-0.0519,0.6575,-0.5951
1,-3.6769,-0.6705,-0.1174,-2.0298,-0.3926,-2.0025
1,0.3066,0.8504,-0.0225,0.1063,-0.3413,0.4273
1,-3.1018,-0.506,-0.0318,3.1636,2.1219,2.4311
1,0.4215,-0.4052,0.0975,0.2798,1.0469,-0.5273
1,-3.8039,-1.1514,-0.3484,-2.1126,0.5682,-2.3279
1,-0.114,1.082,-0.106,0.2587,0.6353,1.1569
1,-3.5417,0.9413,0.4046,2.9903,1.2052,3.0852
1,0.315,-0.5296,0.1264,0.3182,-0.211,-1.1826
1,-2.4031,-0.6547,-0.1654,-2.8144,-1.0803,-3.2081
1,0.1702,0.7547,-0.1229,0.5266,-0.1207,1.3684
1,-2.6605,-0.3536,0.4011,3.2126,0.7908,2.1023
1,0.1712,-0.4225,0.2162,-0.9467,-0.0575,-1.3013
1,-1.7892,0.1628,-0.0525,-2.5419,-0.9081,-1.4757
1,0.7028,0.4251,0.2242,0.9778,0.6885,1.0131
1,-2.1734,-0.5518,-0.1046,1.6099,0.2368,1.6623
1,0.6324,-0.6869,0.2497,-0.7062,-1.4617,-0.9558
1,-2.3198,-0.1134,-0.4114,-2.1664,-0.9719,-0.5408
1,0.336,0.3703,-0.2136,1.3509,-0.9615,2.5383
1,-1.5044,-0.3578,0.0408,1.5877,0.5412,0.8434
1,0.0569,-0.5408,0.2842,-0.9926,-1.5588,-2.165
1,-1.2448,0.5769,-0.017,-2.4759,-0.8864,-0.3493
1,-0.3194,0.3528,-0.2176,1.4858,-0.8533,3.4068
1,-1.0302,-0.7883,-0.0314,-2.597,-1.4416,-1.5434
1,-1.1007,0.533,-0.2,-1.3489,1.6199,0.1476
1,-1.3431,0.5662,-0.1004,2.9811,-0.6368,1.8626
1,-0.9497,-0.1187,0.1019,1.0105,0.9804,-0.6312
1,-0.6592,-0.7691,0.0348,-2.5439,-1.6738,-2.4344
1,-0.1138,0.946,-0.139,-0.2658,1.7921,-0.073
1,-2.8192,1.1043,0.143,2.4815,1.2191,2.2781
1,0.1929,-0.5189,0.2,0.4899,1.8195,-0.6906
1,-3.5745,-0.0601,0.0985,-2.4847,-0.3756,-1.7023
1,0.0023,0.6857,-0.1107,0.7565,1.136,0.9226
1,-2.0199,-0.4942,0.1708,2.4644,2.5456,1.7084
1,0.4939,-0.4441,0.1653,-1.0016,-0.6759,-0.9568
1,-1.9538,0.0577,-0.3871,-1.931,-0.5472,-1.1975
1,0.3329,0.5147,-0.1494,0.4537,-0.57,1.1331
1,-1.8145,-0.38,0.0638,3.1943,1.0703,1.0848
1,0.0142,-0.3601,0.115,-0.6425,-0.1688,-0.8874
1,-1.6724,0.2891,-0.1388,-2.5248,-1.7143,-1.2339
1,0.3021,0.4836,-0.1245,0.7318,-1.6711,1.9901
1,-1.5374,-0.2648,0.2767,2.6482,-0.0979,0.7318
1,0.0034,-0.4718,0.1442,-1.1629,-0.3158,-1.2876
1,-1.6022,0.3451,-0.0447,-1.9145,-0.749,-0.7144
1,0.2052,0.3956,-0.1601,1.0392,-1.5886,2.2943
1,-1.5658,0.0364,0.2444,2.1523,0.5215,-0.0245
1,-0.7469,-0.8379,0.241,-1.7211,-1.5389,-1.6223
1,-0.8959,0.6593,-0.0737,-1.9667,-0.3552,-0.2945
1,-0.7691,0.2608,-0.2344,2.4028,-1.0365,3.884
1,-0.5964,-0.4506,0.1019,0.5448,0.2435,-0.5594
1,-0.4341,-0.4832,0.0012,-2.0609,-1.4119,-1.8852
1,-0.629,0.8293,-0.0731,-1.4317,-0.7639,-0.7786
1,-2.5375,1.0075,-0.1412,2.2982,-1.2876,3.0395
1,-0.1912,-0.3386,0.226,1.4233,1.241,-0.8016
1,-2.3735,-0.8458,0.0697,-2.7223,-1.3397,-2.0297
1,-0.9522,0.5615,-0.0252,-1.3356,1.7163,0.0943
1,-2.562,1.2262,-0.02,2.7515,-0.0505,1.0638
1,-0.2935,-0.4294,0.1123,0.8607,0.5575,-0.2717
1,-2.3401,-0.6546,-0.1384,-2.7073,-1.0079,-4.186
1,-0.5608,0.8007,0.0022,-0.4649,0.5635,-0.562
1,-1.8949,0.7362,-0.1344,2.9213,1.3661,2.5853
1,-0.2675,-0.4333,0.2672,0.9001,1.7298,0.0476
1,-1.8333,-0.4245,-0.4435,-2.3368,-0.6457,-3.1103
1,-0.4745,0.8678,-0.0655,-0.8272,0.2715,-0.3787
1,-1.1962,0.3156,-0.3111,1.8132,-2.223,1.4383
1,-0.2905,-0.4704,0.1412,0.6789,1.7477,-0.0126
1,-3.4037,-0.1322,0.1669,-2.2658,-0.7243,-1.36
1,-0.2204,0.8732,-0.0915,0.2356,1.1982,1.1162
1,-3.4723,1.2413,0.1039,3.5346,3.9828,1.635
1,0.3515,-0.388,0.2498,-1.1962,-1.2055,-1.3368
1,-2.8734,-0.2433,-0.3446,-1.5034,-0.6399,-0.8482
1,-2.1826,1.2143,0.2283,2.3139,1.5564,1.0906
1,-3.2601,-0.1897,-0.3465,-1.9171,0.6695,-1.1379
1,0.042,0.5869,-0.0665,-0.0377,1.9351,1.8747
1,-3.5006,0.1366,0.4216,2.7884,2.3156,2.4149
1,0.2967,-0.7112,-0.0639,-0.0645,0.8167,-0.8868
1,-1.927,0.6498,-0.5021,-1.5369,1.5612,-1.9983
1,0.0623,0.361,-0.2124,0.5207,0.1578,1.4337
1,-2.5286,0.1736,0.2306,2.172,-0.1882,0.6452
1,0.0934,-0.4355,0.0113,-1.0948,0.1507,-0.8895
1,-2.6525,0.2555,-0.0304,-1.8297,-0.338,-1.4488
1,0.3843,0.431,-0.1144,2.0529,0.1229,1.0361
1,-1.5095,-0.2099,0.0204,2.0451,0.2276,0.8174
1,0.0886,-0.8247,0.1903,-1.9102,-3.0748,-1.6487
1,-1.5587,0.3761,0.1104,-2.2929,0.0493,-0.4757
1,-0.688,0.5519,0.1906,2.8066,-2.4026,2.6144
1,-0.8672,-0.292,0.2418,1.0573,2.7213,-0.1264
1,-0.5992,-0.8331,0.0253,-0.9985,1.0668,-2.176
1,-0.8797,0.6019,-0.198,-1.3161,0.64,-0.6554
1,-0.2776,0.2681,-0.2216,1.4378,-2.6428,4.0219
1,-0.6979,-0.4642,0.0699,1.2538,1.1269,0.3538
1,-1.0022,-0.8633,-0.1568,-2.2265,-1.3528,-3.0949
1,-0.5953,0.9227,-0.1728,-1.3799,1.2011,-0.1329
1,-0.9273,0.2258,-0.2757,2.039,-1.3365,1.4081
1,-0.859,-0.2582,0.0914,0.7619,1.1241,0.5075
1,-1.4914,-0.4715,-0.1143,-2.7828,-1.9631,-3.2088
1,-0.1787,0.8489,-0.0261,-0.7128,1.3885,-0.8987
1,-3.3171,1.6495,0.353,3.3567,0.3389,1.2451
1,0.2689,-0.6991,0.1434,0.2115,0.7142,-0.1261
1,-3.052,-0.0644,0.3594,-2.1269,-1.175,-1.4562
1,-0.2378,0.704,-0.1364,-0.277,2.0352,0.786
1,-3.6133,1.4437,0.4829,3.1966,2.104,1.3982
1,0.3971,-0.826,0.0345,-0.6379,-0.4343,-0.4082
1,-3.0783,-0.1945,0.2605,-2.1327,-0.9861,-0.9578
1,0.1096,0.5866,-0.0848,0.1142,1.1752,1.076
1,-3.0597,-0.2385,0.2262,3.163,3.2081,1.6628
1,0.0845,-0.3777,0.1774,-1.2028,-2.949,-1.582
1,-1.746,0.2108,-0.4676,-1.9226,-1.1046,-1.5266
1,0.2838,0.5264,-0.102,1.0434,-1.8444,2.4645
1,-1.8939,-0.4051,-0.1161,1.8383,1.3823,0.6442
1,-0.698,-0.6553,0.0665,-1.4356,-0.0234,-2.3564
1,-0.8205,0.9403,-0.3423,-1.904,0.0772,-1.2347
1,-0.8391,0.3082,-0.3201,1.1924,-1.7953,3.1266
1,-0.6145,-0.1227,0.0063,1.6618,-1.1684,-0.2738
1,-0.6029,-0.7553,-0.1083,-1.9059,-1.4879,-1.0886
1,-1.3373,0.8508,-0.1595,-1.3828,-0.1283,-0.9666
1,-0.568,0.308,-0.1764,2.09,-0.7334,3.2678
1,-0.7337,-0.1946,0.1654,1.1468,-0.0512,-0.3267
1,-0.9371,-0.7203,-0.3055,-2.2425,0.9472,-1.8596
1,-1.0338,0.7084,-0.2178,-0.8724,0.2343,-1.4716
1,0.0973,0.5539,-0.2752,0.2688,0.0658,1.2982
1,0.0632,-0.6627,0.1566,-0.3616,-0.623,-1.2231
1,-1.465,0.591,-0.1113,-2.0367,-1.3602,-0.7998
1,-0.6531,0.315,-0.2166,1.1629,-0.4136,2.884
1,-0.7508,-0.1924,0.1481,1.7239,0.9646,0.8593
1,-0.5744,-0.7078,0.1175,-1.4627,-1.1379,-2.1878
1,-1.0628,0.616,-0.2006,-1.6091,0.113,-0.4932
1,-0.221,0.2863,-0.2502,1.8276,-0.9629,3.5457
1,-0.8489,-0.1534,0.1347,1.0755,0.0445,-0.2527
1,-0.8113,-0.8143,-0.0956,-2.2487,-1.8755,-2.5963
1,-0.4545,0.8058,-0.1759,-1.5992,-0.1509,-0.4288
1,-0.9693,0.4297,-0.376,1.8848,-2.1119,2.5603
1,-0.135,-0.5103,0.2173,1.2712,0.8933,-0.5344
1,-1.0307,-0.8331,-0.0582,-2.5179,-1.8081,-3.7738
1,-0.7302,0.7366,-0.138,-0.6487,1.1779,-0.1805
1,-2.1656,0.8904,-0.2121,2.9806,2.4176,2.6318
1,-0.1066,-0.4093,0.252,0.4446,0.1253,-0.724
1,-3.0578,-0.145,-0.397,-2.5378,1.0903,-0.9105
1,-0.409,0.3994,0.0013,0.2394,1.7367,0.7641
1,-3.6184,0.3019,0.3132,2.8472,1.7624,1.3494
1,0.3767,-0.4627,0.1199,-0.3825,0.2786,-0.1072
1,-2.7626,-0.5149,-0.3249,-2.4205,-0.9888,-1.7034
1,0.2448,0.6647,-0.232,0.3807,0.9875,1.1501
1,-1.8321,-0.419,0.071,2.2549,-0.898,1.2635
1,0.3153,-0.758,0.1718,-0.3736,-1.071,-2.1036
1,-1.517,0.4422,-0.1679,-1.953,-0.9833,-0.4338
1,0.2315,0.2801,-0.1739,0.8695,-2.3102,4.0494
1,-1.9523,-0.068,0.3523,1.7264,-0.1819,-0.2283
1,-0.3589,-0.7764,0.2647,-1.4745,-1.0447,-2.1667
1,-1.7408,0.3852,-0.1287,-1.683,-0.4276,-0.5135
1,-0.1788,0.4169,-0.1602,1.5984,-2.5189,3.6313
1,-1.374,-0.0917,0.3933,1.7747,0.6641,0.0026
1,-0.1124,-0.7151,0.217,-1.8452,-1.739,-2.3481
1,-1.4201,0.5931,-0.0918,-1.5127,-0.1507,-0.3049
1,-1.286,0.4163,-0.2043,1.8368,-3.0324,3.2591
1,-0.4845,-0.2726,0.1833,1.4388,1.4344,-0.3666
1,-3.1153,-1.0823,-0.303,-3.3717,-0.9167,-3.186
1,0.173,0.9861,-0.0396,-0.3182,0.3633,-0.5869
1,-3.5765,0.9499,-0.2393,2.4288,-0.1951,2.5095
1,0.3168,-0.5688,0.2651,0.9453,0.9355,-1.1385
1,-3.2108,-0.5123,-0.2367,-1.7819,-0.8503,-1.8426
1,-0.1413,0.7555,-0.2322,-1.1269,-0.1645,1.0487
1,-3.3475,1.4485,0.369,2.9109,0.0006,2.8974
1,0.0732,-0.5983,0.1272,0.1771,0.5233,-0.846
1,-2.287,-0.0033,-0.267,-2.5033,-0.3452,-1.7194
1,0.3948,0.4918,-0.1535,0.4046,0.6865,1.1723
1,-3.1536,0.1629,0.4886,2.9028,1.4493,1.9804
1,0.3287,-0.6373,0.1259,-0.5873,-0.8129,-1.6813
1,-2.8357,-0.1684,-0.3037,-2.2371,-1.1699,-1.3564
1,0.2855,0.5967,-0.0713,0.1436,0.3139,1.0128
1,-0.0665,-0.6222,0.2341,-0.9161,-0.6669,-1.4202
1,-1.4735,0.6449,-0.3022,-2.3875,-2.3502,-0.916
1,0.163,0.4021,-0.0917,1.2463,-0.0989,1.8978
1,-1.3146,0.0265,0.1524,1.5736,0.4829,0.6129
1,-0.0403,-0.6477,0.2626,-0.87,-2.2414,-1.0908
1,-1.8486,0.5719,-0.0098,-2.0304,-0.1266,-0.9076
1,-0.6653,0.4031,-0.2328,1.1106,-0.7101,2.8995
1,-0.4919,-0.425,0.212,1.6235,-0.3085,-0.5286
1,-0.6553,-0.9491,-0.1812,-2.0396,-0.6545,-2.1257
1,-0.743,0.6756,-0.0481,-1.6684,-0.4951,-0.2372
1,-0.5582,0.2916,-0.3035,1.9885,-3.4183,3.7519
1,-0.5992,-0.1121,0.016,1.671,0.9781,-0.7798
1,-2.8586,-0.7722,0.5809,-4.1996,-1.92,-2.7838
1,-0.5329,0.7808,-0.1102,-0.3923,2.4473,0.1738
1,-0.5186,0.3396,-0.5577,1.1013,-3.3556,1.3629
1,-0.4084,-0.2956,0.1149,0.852,0.3459,-1.144
1,-2.4997,-0.1233,-0.672,-2.1919,2.3184,-2.103
1,0.0831,0.7776,0.0101,0.584,-1.0169,0.3027
1,-3.3656,0.0945,-0.2939,2.1918,2.0405,3.2077
1,0.3638,-0.5826,0.2162,0.0725,-0.2859,-1.3387
1,-2.891,-0.2425,-0.581,-2.6589,-1.4106,-2.0578
1,0.2769,0.5515,-0.0032,0.5082,0.0687,1.1818
1,-3.0102,0.1751,-0.2427,2.2147,1.2555,2.5768
1,0.1975,-0.5385,0.1063,0.2098,-0.5913,-1.3399
1,-2.5845,-0.0619,-0.2281,-2.0871,-1.4481,-1.7953
1,0.2794,0.4884,-0.2213,0.4538,0.224,1.8029
1,-2.986,0.1162,0.1018,2.076,1.0837,1.2538
1,0.2638,-0.6825,0.2184,-0.7114,-0.744,-1.4095
1,-2.3152,0.0956,-0.2641,-2.189,-1.3317,-0.4937
1,0.2014,0.4629,-0.1742,1.2635,-1.69,2.1572
1,-2.0505,-0.257,0.2755,1.5663,0.407,0.3195
1,0.3298,-0.5009,0.1153,-1.7802,-0.9518,-1.8148
1,-1.585,0.4243,-0.1263,-2.1321,-0.3999,-0.708
1,-0.3952,0.4314,-0.1821,1.0197,-2.4418,3.2634
1,-0.8111,-0.0884,0.0953,1.54,-0.1525,-0.7099
1,-0.8865,-0.7067,-0.2147,-2.4036,-1.5917,-1.6119
1,-0.642,0.7016,-0.1748,-1.174,1.2946,-0.831
1,-1.1764,1.2009,-0.312,1.4729,-2.964,4.4146
1,-0.5737,-0.3043,0.0693,0.983,-1.7188,0.9136
1,-1.1027,0.8797,-0.3058,-1.8893,0.33,0.3357
1,0.0771,0.5308,-0.0932,0.65,-0.031,-0.2036
1,-1.2438,1.798,-0.0182,0.2731,-0.37,-0.3638
1,-0.2782,-0.8658,-0.1085,0.3909,-0.4729,-2.7413
1,-3.0616,-0.155,0.1038,-2.3199,-0.1085,-1.9522
1,-0.0643,1.1627,-0.0733,-0.0041,-0.1957,0.7907
1,-3.9299,0.7846,0.1197,2.6074,2.021,3.0741
1,0.4585,-0.5926,0.2622,0.1278,0.3236,-0.8225
1,-2.4325,-0.2396,-0.389,-2.2363,-1.3327,-1.506
1,0.4778,0.567,-0.1726,-0.455,1.0607,0.9487
1,0.1179,-0.5368,0.1995,-0.4835,-0.8027,-1.3991
1,-1.4958,0.4264,-0.2495,-2.2066,-1.7686,-0.7472
1,0.2472,0.3302,-0.2177,1.4471,-0.6707,2.2306
1,-1.3422,-0.1876,0.171,1.6143,0.0167,0.3319
1,-0.1538,-0.6712,0.1896,-1.1684,-1.5478,-2.1959
1,-1.0819,0.4064,-0.2482,-2.1202,-0.065,0.1149
1,-0.6582,0.2763,-0.2336,1.8639,-0.8951,2.6659
1,-1.1253,-0.3298,0.2448,1.4271,0.5385,-0.1444
1,-0.2121,-0.5841,0.1768,-2.1487,-1.5994,-1.8291
1,-0.7987,0.6691,-0.1112,-0.9378,-0.0092,-0.4874
1,-0.8018,0.0573,-0.4204,1.2438,-2.3997,3.0107
1,-0.4465,-0.2661,0.1296,0.9275,0.0191,-0.7172
1,-1.1047,-0.56,-0.1556,-2.5562,-1.3086,-2.2371
1,-0.453,0.6078,-0.2784,-1.681,-1.2067,-0.2321
1,-1.2363,0.5681,-0.2826,1.6791,-1.0883,1.6162
1,0.1417,-0.629,0.2395,1.5651,0.7536,0.162
1,-2.4071,-0.6878,-0.7576,-2.0023,-0.0488,-4.2075
1,-0.0401,0.7095,-0.0357,-0.5906,-1.0426,-0.0857
1,-1.4223,0.6558,-0.438,2.7561,-0.2002,1.7879
1,-0.2138,-0.4666,0.1185,0.7005,1.2633,-0.7218
1,-2.064,-0.2505,-0.1967,-2.0689,-0.449,-2.8986
1,-0.2702,0.7015,-0.2482,-0.145,1.9839,0.2424
1,-3.9042,0.3165,0.009,1.9378,0.437,2.1095
1,0.0497,-0.4497,0.1731,0.7146,0.6324,-0.7515
1,-2.8023,-0.331,0.2713,-2.6476,-0.4047,-3.2301
1,0.2182,0.5233,-0.1346,-0.6091,0.9531,0.0096
1,-2.2627,0.8777,0.801,2.084,2.1701,0.6631
1,-0.0417,-0.4609,0.2078,1.2231,1.9339,-0.2356
1,-2.6944,-0.5252,0.0834,-1.9498,-0.5333,-0.9736
1,0.3841,0.6243,-0.1228,-0.3834,0.2228,0.26
1,-2.8697,0.0343,-0.0094,3.1649,2.3531,1.4784
1,0.4539,-0.4912,0.1271,-1.6502,-1.7216,-0.4724
1,-3.0582,-0.2903,-0.098,-1.5369,0.1713,-1.2171
1,0.1957,0.3624,-0.0986,0.45,0.077,1.9553
1,-1.6672,-0.2374,-0.0168,2.0504,1.1584,2.0379
1,-0.0155,-0.6317,0.1343,-0.225,-0.2674,-1.5681
1,-1.3021,0.3215,-0.3856,-1.6986,-1.1749,-1.2936
1,0.0593,0.3762,-0.1078,0.9855,-0.3844,2.5233
1,-2.263,-0.5797,0.1791,2.5249,0.9199,0.521
1,0.0763,-0.4498,0.0705,-1.5051,-1.6171,-1.2849
1,-1.1429,0.4631,-0.3465,-2.1181,-1.3169,-0.9894
1,-0.5232,0.3116,-0.2731,1.4004,-0.927,2.8295
1,-0.2785,-0.4825,-0.1163,1.2963,1.1032,0.2743
1,-0.9375,-0.7652,-0.3227,-1.4895,-2.2389,-1.7147
1,-0.7,0.3861,-0.273,-1.342,-0.2304,-0.8973
1,-1.0701,0.142,-0.3883,1.149,-0.9369,3.6106
1,-0.2893,-0.4702,0.1071,1.3623,0.7678,-0.0518
1,-1.9776,-0.6575,-0.3846,-2.7425,-2.7577,-1.6916
1,0.2058,0.842,-0.0726,-0.4435,1.6354,-0.3965
1,-0.253,-0.3082,0.1628,0.5783,1.3331,-1.0916
1,-2.4585,-1.0351,-0.3571,-2.8372,-0.4331,-0.8432
1,0.2723,1.1308,-0.1022,-0.2028,0.6829,1.3023
1,-2.0736,-0.5738,-0.1249,1.7071,0.4954,1.774
1,0.3539,-0.5998,0.1516,-0.6647,-0.1234,-0.5607
1,-1.8439,0.1656,-0.1435,-3.0601,-0.8897,-2.1782
1,0.1045,0.7848,-0.3462,0.8688,-0.4806,3.1297
1,-2.4073,-0.1956,-0.1671,1.7577,0.3044,0.673
1,0.272,-0.5056,0.1362,-1.9016,-1.1635,-2.9349
1,-1.7172,0.4223,-0.1707,-1.9258,-0.6776,-0.2034
1,0.225,0.335,-0.1574,0.8951,-0.7869,2.637
1,-1.4321,-0.2825,0.2775,1.7177,0.7569,-0.747
1,-0.291,-0.6792,0.039,-1.7019,-0.4188,-1.536
1,-1.5842,0.5466,-0.2305,-1.1898,0.4006,-0.3637
1,-1.6162,0.2659,-0.3252,1.6668,-1.5493,3.6889
1,-0.5041,-0.1975,0.1118,1.3682,0.8007,-0.2284
1,-1.6629,-0.877,-0.1383,-2.0796,-1.2404,-2.0118
1,-0.9003,0.5088,-0.1419,-1.2015,0.8783,-1.1016
1,-1.122,0.3525,-0.4763,0.5702,-2.1577,4.4924
1,-0.2262,-0.4092,0.1586,1.6309,0.6204,-1.0632
1,-1.0753,-0.6301,-0.1208,-1.8178,-1.428,-3.6004
1,-0.3148,0.8951,-0.1165,-1.5355,-0.2191,0.0382
1,-3.1244,1.6297,0.4763,3.3051,-0.1337,1.1404
1,0.0565,-0.6293,0.0933,0.4392,0.6706,-0.99
1,-2.7112,0.0886,0.294,-2.6414,-0.3952,-1.4439
1,-0.1742,0.6704,-0.1502,0.3873,0.8165,1.0573
1,-2.3107,-0.4747,0.0555,3.7269,1.8657,2.1549
1,0.2911,-0.2829,0.1297,-0.8376,-0.5993,-1.4504
1,-2.4755,-0.2562,-0.0307,-2.0489,-0.8849,-1.0796
1,0.0675,0.532,-0.1569,0.9449,-0.6869,2.0993
1,-2.876,-0.3024,-0.0091,1.5298,1.6151,1.6353
1,0.3465,-0.4861,0.3358,-0.9641,-1.5406,-2.2096
1,-1.4064,0.535,-0.3254,-1.8113,-0.9942,-0.8199
1,-0.1066,0.4307,-0.1749,1.2885,0.1437,3.4144
1,-1.1249,-0.2672,0.0929,1.6846,-0.0222,0.1628
1,0.1949,-0.5218,0.1925,-1.9664,-2.9304,-2.3961
1,-1.0251,0.6815,-0.1075,-2.0734,-0.3009,-0.9253
1,-1.5503,0.4235,-0.345,1.9179,-1.0943,3.5909
1,-0.8196,-0.3038,0.0928,1.2138,0.4387,-0.5243
1,-1.2721,-0.862,-0.339,-1.7088,-0.7651,-2.7199
1,-0.4472,0.8207,-0.1612,-1.2226,0.1131,-0.1518
1,-1.4028,0.7083,-0.3328,1.5856,-1.8309,2.6953
1,-0.4396,-0.3093,0.068,1.1063,0.9548,-0.2267
1,-1.6454,-0.3147,-0.4395,-1.4643,-2.7104,-2.803
1,-0.6408,0.7373,-0.1391,-0.7169,0.7009,-0.3571
1,-2.4643,0.2168,-0.1201,2.1871,0.0398,2.1942
1,0.0847,-0.4328,0.1371,0.6118,0.7622,-1.1333
1,-3.0688,-0.2306,0.0986,-2.354,-1.1303,-2.2969
1,-0.2857,0.7949,-0.1141,-1.4108,1.2211,0.4
1,-0.1706,-0.515,0.2296,1.4687,-0.2534,-1.3342
1,-2.9608,-0.6092,-0.1652,-2.2598,-0.5051,-1.3669
1,0.4072,0.6864,-0.1286,0.0366,1.0179,1.0603
1,-3.6449,-0.1602,0.771,3.0615,2.9206,2.3769
1,0.5314,-0.5845,0.1587,-0.2877,-0.4489,-1.4066
1,-3.7075,-0.4991,-0.1472,-1.9319,-0.7073,-0.5502
1,0.319,0.5506,-0.3532,0.3863,-0.0529,1.6768
1,-2.6644,-0.5588,0.4669,1.9798,-0.0593,0.2096
1,0.5517,-0.5367,0.0305,-1.263,-1.0615,-1.0487
1,-1.9536,0.126,-0.0491,-2.1157,-0.1823,-0.6162
1,-0.2304,0.3473,-0.2879,1.3144,-0.2815,1.8332
1,-1.2606,-0.2879,0.2301,2.3504,1.3845,0.2397
1,0.2176,-0.4201,0.2528,-1.6084,-0.9345,-0.8536
1,-0.9917,0.7469,-0.0332,-2.2319,-0.1774,-0.5351
1,-0.2415,0.3156,-0.2139,2.3592,-0.3509,3.127
1,-1.1492,-0.3745,0.1594,1.1177,-0.5374,-0.2994
1,-0.4631,-0.6492,-0.2931,-1.3579,0.2793,-0.8649
1,-0.9036,0.5421,-0.0237,-1.539,-1.1898,-0.5155
1,-0.7066,0.278,-0.2918,1.753,-1.6434,3.0413
1,-0.519,-0.2794,0.0223,1.3334,0.311,-0.8023
1,-1.6556,-0.8572,0.0431,-2.3507,-1.7093,-2.4134
1,-0.6255,0.6552,-0.1026,-1.2875,0.8291,-0.161
1,-0.4689,0.2822,-0.2294,2.4047,-0.6364,0.3307
1,-0.5409,-0.5289,0.0915,0.4962,0.338,-0.1942
1,-0.8526,-0.6955,0.2291,-1.7308,0.229,-3.5101
1,-0.4877,0.8208,-0.0612,-0.4708,1.669,0.1516
1,-3.4381,1.197,-0.0054,2.9525,0.9006,2.2424
1,0.0612,-0.6042,0.1947,0.0689,0.0265,-0.5595
1,-3.2242,-0.0222,0.0775,-2.0802,-0.229,-1.2678
1,-0.2604,0.8107,-0.4517,-0.1704,1.026,-0.5282
1,-3.6288,0.5907,0.4482,2.9516,3.2948,2.0893
1,0.0725,-0.6109,0.1102,0.345,0.4953,-1.0902
1,-3.4137,-0.5256,-0.2336,-2.1551,-1.4265,-1.0427
1,0.0803,0.6792,-0.1555,-0.0198,0.1229,0.9809
1,-3.353,-0.0799,0.5738,2.8979,1.9685,1.6647
1,0.4739,-0.3827,0.2031,-0.373,1.6911,-0.6771
1,-2.2312,-0.1769,-0.6541,-2.4211,-0.7049,-1.8805
1,0.4423,0.6304,-0.0757,0.4997,0.3038,1.4815
1,-3.5691,-0.3885,-0.0888,1.9173,0.3833,2.4492
1,0.3385,-0.6696,0.2402,-0.9794,-0.2414,0.0653
1,-2.8233,0.2521,-0.084,-3.2429,-0.4174,-0.7241
1,0.0999,0.4182,-0.1078,0.0285,0.5952,1.205
1,-2.9073,0.98,0.1538,2.2279,2.0974,2.1787
1,-0.0933,-0.6064,0.0168,-0.5401,0.045,-1.481
1,-3.1131,0.2312,0.1488,-2.678,1.258,-2.3406
1,-0.2149,0.7119,-0.1389,1.0161,0.7191,1.134
1,-2.8217,0.2247,0.0673,1.9661,0.7651,1.6149
1,0.2342,-0.7932,0.2591,-1.27,-0.5523,-1.2378
1,-0.3269,0.7543,-0.1106,-0.2894,1.4003,-0.0339
1,0.2368,-0.4448,0.1629,0.22,-0.2551,-0.81
1,-3.4453,-0.2923,-0.1628,-2.4926,-2.5634,-4.0581
1,0.1109,0.8508,-0.0268,-0.438,0.5638,0.3673
1,-2.9128,1.0438,-0.2073,3.8796,1.1714,2.9757
1,0.4573,-0.6267,0.2403,-0.2064,-0.4094,-0.2007
1,-2.6856,0.0746,-0.1935,-2.4636,-0.6388,-0.9455
1,-0.2165,0.3849,-0.0486,0.2633,1.0845,0.0506
1,-3.4303,0.1172,0.8111,2.4584,0.8997,1.1004
1,0.3458,-0.5185,0.2088,-0.8275,-0.949,-0.6141
1,-1.462,0.3035,-0.2424,-1.7818,-1.1058,-0.7142
1,-0.2613,0.3336,-0.2986,1.3007,0.2324,2.0935
1,-1.7543,-0.304,0.2877,1.5644,1.1974,0.3832
1,0.0646,-0.6314,0.1272,-1.3847,-1.0419,-1.2679
1,-1.2666,0.622,-0.1025,-1.4769,-0.0477,-0.7751
1,-0.1886,0.3632,-0.2735,1.0304,0.0867,2.8963
1,-0.8546,-0.2719,0.0227,1.7595,-0.2995,0.8036
1,-0.4208,-0.8388,0.2469,-1.4744,-1.1846,-2.0461
1,-1.5854,0.5155,-0.1312,-1.9499,-0.382,-0.7466
1,0.1382,0.3701,-0.2718,1.3918,-1.8439,3.3409
1,-1.0973,-0.3002,0.1622,1.1758,0.7175,-0.0829
1,-1.3915,-0.79,-0.0529,-2.3015,-1.4895,-2.0658
1,-0.3611,0.7086,-0.155,-1.0644,1.4165,-0.0663
1,-1.2686,0.1878,-0.4401,2.2642,-0.5396,1.3614
1,-0.0417,-0.4728,0.2079,0.967,1.2736,-0.8423
1,-3.0279,-0.2249,0.025,-2.7385,-2.6943,-2.3369
1,-0.0225,0.7829,-0.1548,-0.8283,0.7992,0.3638
1,-2.9557,1.5354,0.2109,2.9038,1.4287,1.8507
1,-0.0515,-0.3383,0.2172,0.9152,0.634,-1.3023
1,-3.6859,-0.4681,0.1511,-2.18,-0.9612,-0.7256
1,-0.2262,0.7907,-0.1278,0.2771,1.4264,1.1275
1,-3.591,0.2418,0.6144,2.7076,3.3841,1.3316
1,0.2212,-0.3868,0.0434,-0.4455,-1.2179,-0.9822
1,-2.5633,-0.2933,0.1971,-2.4118,-0.8229,-0.4205
1,0.2823,0.6723,-0.1485,0.8098,-0.1998,1.238
1,-2.8901,-0.3999,0.3323,2.3014,1.2764,0.8524
1,0.5675,-0.4698,0.1513,-0.8725,-0.3866,-0.8586
1,-1.8168,-0.1449,-0.2432,-1.8719,-1.4283,-0.5423
1,0.344,0.4142,-0.1675,0.7323,-0.0345,1.4363
1,-1.454,-0.3628,0.0665,1.8473,-0.7986,-0.4044
1,0.1391,-0.4277,0.2181,-1.3462,-1.228,-1.1399
1,-1.2905,0.1705,-0.1179,-2.211,-0.2663,-0.636
1,-0.1256,0.4201,-0.237,1.6302,-1.6741,3.5774
1,-1.0372,-0.369,0.1867,1.4051,0.8037,-0.9505
1,-0.7334,-0.5941,-0.2053,-1.9757,-1.2449,-1.7274
1,-0.5954,1.005,-0.2848,0.2642,1.0009,-0.9005
1,-1.1489,0.5416,-0.0332,2.1217,-3.017,3.1502
1,0.1669,-0.5412,0.2317,0.9016,0.1469,-0.649
1,-3.3963,-0.3396,0.131,-2.1445,-1.6016,-3.334
1,-3.2778,-0.4714,-0.1238,-2.1895,-0.7908,-1.3065
1,-2.271,-0.2775,0.2076,1.9926,1.2375,2.3225
1,0.5055,-0.6376,0.2603,-0.2504,-0.7854,-0.7801
1,-3.2566,-0.9931,-0.2798,-2.1538,-0.4956,-1.9407
1,0.0702,0.3756,-0.1298,0.0032,1.5731,0.3738
1,-3.5338,0.8268,0.2477,3.3613,3.2894,1.7341
1,0.122,-0.5914,0.2603,-0.2533,-0.0025,-0.7473
1,-2.7429,-0.5446,-0.5607,-2.5419,-1.1017,-1.6455
1,0.3427,0.7702,-0.2287,0.5362,-0.4246,1.3372
1,-2.2979,-0.4223,-0.2181,2.511,2.1096,1.9749
1,-0.0972,-0.5031,0.0995,-0.5248,-0.0197,-1.3217
1,-2.1584,-0.2746,-0.7311,-1.8419,-1.4069,-1.7162
1,0.1509,0.9782,-0.1134,0.1787,1.8135,2.7408
1,-2.4148,-0.6621,-0.6775,1.9116,1.4173,1.5862
1,0.439,-0.3218,0.2628,-0.2889,-1.6895,-0.9454
1,-2.4443,-0.5477,-0.3866,-2.3248,-1.5419,-0.9551
1,-0.0189,0.5562,-0.1102,0.5892,-0.7184,1.7789
1,-1.1543,-0.406,0.1042,1.8382,0.9206,1.0926
1,-0.141,-0.5675,0.1593,-0.3676,-0.5054,-1.3652
1,-2.1103,0.1236,-0.4467,-2.3046,-1.4439,-1.1155
1,0.3113,0.8081,-0.0001,1.2575,-0.5017,3.8908
1,-1.3326,-0.1276,-0.0056,1.7467,-0.1854,0.2278
1,0.0747,-0.6417,0.2074,-2.1382,-1.8304,-2.2444
1,-1.7037,0.5445,0.1931,-2.2402,-1.5385,0.1689
1,-0.2432,0.3095,-0.0521,2.5619,-0.7125,3.869
1,-0.9408,-0.0475,0.0281,1.3572,-0.8176,-0.1401
1,-0.4252,-0.7484,0.2909,-2.5657,-0.162,-1.5832
1,-1.7766,0.6819,0.1011,-2.0959,-0.8415,-0.3705
1,0.3165,0.45,-0.0843,2.2039,-0.1358,2.418
1,-1.6607,-0.2831,0.2579,1.9065,2.1844,-0.0231
1,-0.1534,-0.6427,0.1763,-2.2521,-0.7371,-1.738
1,-1.6388,0.5903,-0.2365,-2.0379,-0.1287,-0.7107
1,-0.1481,0.3986,-0.1853,2.1672,-2.1691,3.7777
1,-1.427,-0.1065,0.0413,0.7833,0.7836,0.0374
1,-0.1765,-0.5856,0.2013,-1.9829,-1.6285,-2.8271
1,-1.3392,0.3885,-0.2395,-2.1211,-0.5193,-0.9489
1,-0.1817,0.3297,-0.3585,1.9827,-0.4119,3.7269
1,-1.0165,-0.1078,0.0387,1.046,0.0143,0.1315
1,-0.5306,-0.7385,0.0465,-2.1084,-1.0583,-1.5768
1,-1.247,0.4971,-0.1195,-2.2878,0.5532,-2.2411
1,-0.5142,0.2404,-0.4813,1.8809,-2.7509,4.2765
1,-0.7867,-0.3884,0.0887,0.7143,0.2564,0.0064
1,-0.5007,-0.8134,0.1202,-2.0735,-2.2968,-2.2663
1,-1.1844,0.6119,-0.1776,-1.8963,0.13,-0.6165
1,-1.2739,0.5158,-0.4516,1.5481,-2.3484,3.0852
1,-0.5564,-0.292,0.0867,1.7238,-0.4408,-0.1358
1,-1.8032,-0.6264,-0.4625,-2.7212,-1.9249,-1.0908
1,-0.3649,0.9142,-0.1496,-1.195,1.1279,-0.8394
1,-1.7954,1.0364,-0.7531,2.2382,1.2269,3.1187
1,-0.3533,-0.2681,0.0032,0.9573,-1.4823,-1.4954
1,-0.4648,0.8521,-0.0918,-1.0042,1.6515,-0.2761
1,-2.4313,1.4392,-0.1665,3.5621,1.159,2.2711
1,0.067,-0.4263,0.2275,0.9742,1.4906,-0.6682
1,-3.2507,-0.1989,-0.2971,-2.3987,-0.9208,-2.2485
1,0.4294,0.6521,-0.0614,0.1637,0.6765,0.2453
1,-3.2153,-0.2112,0.0697,3.5773,2.0692,2.4347
1,0.5524,-0.5587,0.3333,-0.3018,-0.1553,-0.5234
1,-2.8181,-0.5023,-0.7444,-1.924,0.1953,-2.3796
1,0.0184,0.7258,-0.0649,0.5069,-0.3079,1.5603
1,-3.6457,-0.0851,0.0579,2.0437,1.5586,2.4651
1,0.3324,-0.4939,0.2464,-0.3193,-0.3156,-1.4123
1,-3.2201,-0.6837,-0.3811,-2.1675,-1.6224,-1.9358
1,0.2447,0.6181,-0.1564,0.8326,0.842,1.7737
1,-3.4597,-0.4212,-0.0141,2.1672,1.1215,2.0941
1,0.3685,-0.4207,0.279,0.6565,-0.4849,-0.9138
1,-2.1027,-0.1404,-0.2459,-3.0213,-2.0584,-1.3379
1,0.0539,0.476,-0.2488,0.9923,0.5388,1.7312
1,-1.8091,-0.5798,0.0891,2.3836,1.0406,1.4695
1,0.3033,-0.5449,0.1978,-1.166,-1.257,-1.3764
1,-2.2518,-0.0847,-0.2985,-2.4168,-1.6363,-0.9036
1,0.3521,0.6348,-0.1414,0.7687,-0.6883,1.5877
1,-2.9523,-0.3997,0.2355,1.9731,1.1961,0.5343
1,0.436,-0.5597,0.28,-0.7944,-0.6944,-0.6654
1,-1.7452,0.3964,-0.1723,-2.6999,-1.8204,-1.9702
1,0.1339,0.3215,-0.2147,0.7163,-0.0727,3.1041
1,-1.3889,-0.4236,0.2595,2.1458,0.6257,1.3653
1,-0.3313,-0.6846,0.1036,-1.9249,-1.2155,-2.5337
1,-0.4745,0.609,-0.2128,-0.7142,0.6232,0.0307
1,-1.9066,0.7059,-0.0445,2.3657,-1.5464,2.9427
1,-0.4333,-0.2322,0.1637,0.9131,0.871,-1.2254
1,-0.5067,-0.7745,0.0339,-2.1511,-1.2888,-1.5894
1,-1.2632,0.3769,-0.1719,-1.7079,0.7227,-0.2934
1,-0.7447,0.6358,0.1254,2.2719,1.0704,1.7557
1,-0.7973,-0.0682,0.2269,2.5002,1.1347,0.1487
1,-0.207,-0.5667,-0.0055,-0.4988,-0.1083,-1.0887
1,-1.6859,0.3252,-0.1279,-0.5931,-0.5446,-0.9092
1,-0.257,0.3862,-0.1741,1.7514,1.2426,3.5881
1,-1.7106,-0.0259,0.2547,2.2066,0.5208,1.2206
1,-0.0077,-0.5506,0.0744,-0.0942,-0.4723,-1.2486
1,-2.0011,0.0462,-0.6114,-2.0628,-2.0782,-0.9737
1,0.0902,0.4458,-0.04,1.0832,-0.7132,2.2337
1,-2.4727,0.111,0.2595,1.6926,1.9889,1.4008
1,-0.0016,-0.6809,0.0326,0.5268,-2.0437,-0.7964
1,-2.4074,-0.2987,-0.2359,-2.6419,-0.0669,-2.0365
1,-0.184,1.2147,-0.0981,1.9011,0.564,1.9447
1,-3.1216,-0.1129,0.2569,2.6738,2.563,3.109
1,0.1173,-0.5239,0.196,0.8007,-0.8518,-0.9566
1,-2.8254,-0.5589,-0.8745,-2.0353,0.0773,-2.361
1,0.2682,0.5347,0.0311,0.2233,-0.4097,1.7441
1,0.1135,-0.4636,0.2275,-0.1863,-0.5049,-1.4287
1,-2.3966,0.1932,0.055,-3.0065,-3.3198,-1.0417
1,0.1423,0.9474,-0.0534,1.0211,-0.9599,1.2917
1,-3.313,0.5579,0.599,2.5782,3.4687,2.1923
1,-0.0017,-0.3501,0.2034,0.6685,-0.6169,-1.6451
1,-3.1014,-0.7031,-0.1633,-2.307,-0.9874,-1.9188
1,0.2877,0.6548,-0.2488,0.1672,0.0746,0.4819
1,-2.6229,-0.2971,0.9539,2.2045,2.6875,1.2567
1,-0.0129,-0.3158,0.3029,0.4166,0.563,-0.6476
1,-2.5847,-0.605,0.019,-2.2694,-0.7483,-0.9886
1,0.1627,0.7131,-0.2209,0.1963,0.0922,0.3609
1,-3.2196,0.4555,0.4526,2.0637,2.6338,2.2919
1,-0.1246,-0.2829,0.2175,0.3546,0.4397,-1.0023
1,-2.9294,-0.4447,-0.0523,-3.2727,-0.8502,-1.5296
1,0.1012,0.7066,-0.056,0.8906,0.7636,1.2834
1,-3.0905,-0.0832,0.4653,2.8893,1.6763,1.5766
1,0.1329,-0.4625,0.1994,-0.5747,0.6856,-0.9921
1,-3.1222,-0.6876,-0.1635,-2.5832,-1.589,-0.5371
1,0.2739,0.5728,-0.107,1.1017,0.3853,0.9981
1,-1.5332,-0.3364,0.2275,2.0489,0.5523,1.7521
1,0.2612,-0.5081,0.2041,-0.6955,0.3088,-1.3171
1,-1.709,0.1611,-0.0811,-2.1276,-1.4167,-0.7562
1,0.0803,0.3882,-0.2357,1.1089,0.326,1.9849
1,-1.8316,-0.3701,0.1815,1.1514,0.7499,1.8311
1,0.3618,-0.4885,0.1387,-0.053,-0.6538,-1.1599
1,-2.0889,0.2926,0.1438,-2.2051,-0.8726,-1.1064
1,0.1446,0.6998,-0.1609,0.796,-1.4067,2.2403
1,-1.9755,-0.0046,0.2089,2.1634,1.2578,1.0694
1,0.2024,-0.6329,0.1055,-1.5745,-1.7578,-1.9825
1,-1.73,0.4246,-0.1449,-1.3643,-0.6698,-1.0069
1,-0.1261,0.311,-0.1104,1.3601,0.0198,2.4137
1,-1.2528,-0.1446,0.1247,1.4113,-0.6441,0.235
1,0.0548,-0.5421,0.1453,-0.7808,-0.4844,-1.0541
1,-1.5953,0.3018,-0.0151,-2.0918,-1.5514,-0.4696
1,-0.0743,0.2812,-0.1624,1.4442,0.0648,2.3142
1,-1.287,-0.0593,0.3806,1.62,-0.3834,0.0599
1,-0.0583,-0.6925,0.1469,-1.0692,-0.446,-1.5539
1,-2.2184,0.1678,0.0096,-2.6159,-1.373,-0.455
1,-0.1721,0.3515,-0.1448,1.8635,1.303,2.7986
1,-1.7547,-0.6385,0.1466,1.6057,0.1001,-0.1114
1,0.0582,-0.3473,0.1411,-0.7665,-0.8597,-0.9818
1,-1.7671,0.1479,-0.1622,-2.3718,-1.4007,-0.8724
1,-0.1587,0.2446,-0.2973,1.7011,-0.5977,3.5162
1,-1.2035,-0.1414,0.1795,1.5695,-0.4667,0.8602
1,0.2829,-0.5233,0.1676,-1.8722,0.9991,-1.9117
1,-1.8716,0.4243,-0.5182,-2.2282,-1.4767,-1.2929
1,0.0166,0.4371,-0.1258,1.8598,-0.247,3.0053
1,-1.4405,-0.1945,0.181,1.7286,1.0776,0.5954
1,0.2615,0.584,-0.2005,1.449,0.2603,1.9571
1,-0.0827,-0.6079,0.1585,-0.835,-0.4644,-1.4183
